account_id,company_name,industry,pricing_tier,billing_cycle,signup_date
1001,Nova Technologies 1001,EDTECH,STARTUP,ANNUAL,2025-01-18
1002,Nova Labs 1002,CYBERSECURITY,STARTUP,ANNUAL,2025-01-12
1003,Nexus Cloud 1003,CYBERSECURITY,SCALE,ANNUAL,2025-04-02
1004,Synapse Systems 1004,HEALTHCARE,STARTUP,MONTHLY,2025-04-14
1005,Acme Analytics 1005,EDTECH,STARTUP,MONTHLY,2025-01-20
1006,Nexus Networks 1006,FINTECH,FREE,ANNUAL,2025-02-15
1007,Pulse Solutions 1007,FINTECH,SCALE,ANNUAL,2025-04-29
1008,Stratum Labs 1008,CYBERSECURITY,STARTUP,MONTHLY,2025-03-15
1009,Nexus Labs 1009,FINTECH,SCALE,MONTHLY,2025-01-11
1010,Nexus Labs 1010,LOGISTICS,STARTUP,MONTHLY,2025-01-21
1011,Pulse Networks 1011,HEALTHCARE,SCALE,ANNUAL,2025-03-19
1012,Apex Cloud 1012,HEALTHCARE,STARTUP,MONTHLY,2025-04-29
1013,Synapse Cloud 1013,EDTECH,STARTUP,ANNUAL,2025-01-30
1014,Acme Networks 1014,LOGISTICS,STARTUP,ANNUAL,2025-04-27
1015,Omni Networks 1015,HEALTHCARE,SCALE,MONTHLY,2025-04-24
1016,Hyper Analytics 1016,ECOMMERCE,FREE,MONTHLY,2025-04-06
1017,Omni Systems 1017,CYBERSECURITY,STARTUP,ANNUAL,2025-01-18
1018,Synapse AI 1018,FINTECH,SCALE,ANNUAL,2025-01-20
1019,Apex Systems 1019,CYBERSECURITY,FREE,MONTHLY,2025-03-18
1020,Hyper Solutions 1020,CYBERSECURITY,ENTERPRISE,ANNUAL,2025-03-29
1021,Nova Solutions 1021,EDTECH,STARTUP,MONTHLY,2025-02-25
1022,Apex AI 1022,FINTECH,ENTERPRISE,MONTHLY,2025-03-06
1023,Apex Labs 1023,EDTECH,STARTUP,ANNUAL,2025-01-20
1024,Pulse Analytics 1024,CYBERSECURITY,ENTERPRISE,ANNUAL,2025-03-18
1025,Pulse AI 1025,FINTECH,FREE,MONTHLY,2025-04-23
1026,Vertex Cloud 1026,FINTECH,STARTUP,ANNUAL,2025-01-11
1027,Hyper Labs 1027,CYBERSECURITY,SCALE,ANNUAL,2025-03-26
1028,Hyper Analytics 1028,ECOMMERCE,STARTUP,MONTHLY,2025-01-28
1029,Synapse Cloud 1029,EDTECH,STARTUP,MONTHLY,2025-02-26
1030,Synapse AI 1030,FINTECH,STARTUP,ANNUAL,2025-02-13
1031,Acme Cloud 1031,CYBERSECURITY,STARTUP,ANNUAL,2025-04-01
1032,Acme Cloud 1032,FINTECH,ENTERPRISE,MONTHLY,2025-01-10
1033,Synapse Cloud 1033,ECOMMERCE,SCALE,ANNUAL,2025-03-11
1034,Apex AI 1034,HEALTHCARE,SCALE,MONTHLY,2025-01-25
1035,Nova Labs 1035,EDTECH,STARTUP,MONTHLY,2025-02-22
1036,Hyper Technologies 1036,EDTECH,SCALE,ANNUAL,2025-01-08
1037,Stratum Networks 1037,FINTECH,STARTUP,ANNUAL,2025-03-10
1038,Hyper Analytics 1038,LOGISTICS,FREE,MONTHLY,2025-02-01
1039,Nova AI 1039,CYBERSECURITY,FREE,ANNUAL,2025-01-12
1040,Nexus Analytics 1040,LOGISTICS,STARTUP,ANNUAL,2025-04-21
1041,Stratum Technologies 1041,HEALTHCARE,STARTUP,MONTHLY,2025-02-03
1042,Hyper Solutions 1042,LOGISTICS,SCALE,MONTHLY,2025-01-20
1043,Nexus Solutions 1043,HEALTHCARE,ENTERPRISE,ANNUAL,2025-04-06
1044,Pulse Technologies 1044,FINTECH,STARTUP,ANNUAL,2025-01-08
1045,Synapse Labs 1045,HEALTHCARE,FREE,ANNUAL,2025-03-28
1046,Nexus Systems 1046,FINTECH,ENTERPRISE,ANNUAL,2025-03-16
1047,Omni Technologies 1047,CYBERSECURITY,FREE,MONTHLY,2025-04-30
1048,Vertex Cloud 1048,EDTECH,SCALE,ANNUAL,2025-02-03
1049,Stratum Analytics 1049,EDTECH,SCALE,MONTHLY,2025-02-10
1050,Nova Technologies 1050,LOGISTICS,SCALE,ANNUAL,2025-01-10
1051,Synapse Cloud 1051,CYBERSECURITY,STARTUP,MONTHLY,2025-04-23
1052,Nova Cloud 1052,ECOMMERCE,STARTUP,MONTHLY,2025-04-17
1053,Synapse Solutions 1053,CYBERSECURITY,ENTERPRISE,ANNUAL,2025-03-27
1054,Synapse Solutions 1054,EDTECH,FREE,ANNUAL,2025-02-03
1055,Nova Labs 1055,EDTECH,STARTUP,MONTHLY,2025-02-06
1056,Omni Cloud 1056,EDTECH,STARTUP,MONTHLY,2025-03-06
1057,Hyper Solutions 1057,FINTECH,FREE,MONTHLY,2025-04-17
1058,Vertex Technologies 1058,FINTECH,STARTUP,ANNUAL,2025-03-23
1059,Vertex Analytics 1059,EDTECH,STARTUP,MONTHLY,2025-03-13
1060,Acme Labs 1060,FINTECH,ENTERPRISE,ANNUAL,2025-03-11
1061,Acme Networks 1061,CYBERSECURITY,STARTUP,MONTHLY,2025-01-17
1062,Acme Solutions 1062,ECOMMERCE,ENTERPRISE,ANNUAL,2025-04-26
1063,Pulse Cloud 1063,EDTECH,STARTUP,ANNUAL,2025-02-15
1064,Synapse Systems 1064,CYBERSECURITY,SCALE,ANNUAL,2025-04-21
1065,Apex Analytics 1065,LOGISTICS,FREE,MONTHLY,2025-04-11
1066,Stratum Cloud 1066,ECOMMERCE,FREE,ANNUAL,2025-02-18
1067,Acme AI 1067,HEALTHCARE,FREE,MONTHLY,2025-02-14
1068,Vertex Cloud 1068,HEALTHCARE,FREE,ANNUAL,2025-02-21
1069,Pulse Solutions 1069,FINTECH,ENTERPRISE,MONTHLY,2025-02-14
1070,Synapse Systems 1070,EDTECH,ENTERPRISE,MONTHLY,2025-05-01
1071,Acme Labs 1071,ECOMMERCE,FREE,MONTHLY,2025-01-05
1072,Nova Systems 1072,ECOMMERCE,SCALE,MONTHLY,2025-02-25
1073,Omni Labs 1073,LOGISTICS,ENTERPRISE,ANNUAL,2025-02-02
1074,Acme Systems 1074,FINTECH,STARTUP,ANNUAL,2025-02-16
1075,Stratum Labs 1075,EDTECH,ENTERPRISE,MONTHLY,2025-03-26
1076,Nova Solutions 1076,CYBERSECURITY,STARTUP,MONTHLY,2025-02-11
1077,Stratum Solutions 1077,CYBERSECURITY,FREE,MONTHLY,2025-03-27
1078,Stratum Analytics 1078,CYBERSECURITY,STARTUP,MONTHLY,2025-03-12
1079,Acme Solutions 1079,ECOMMERCE,STARTUP,MONTHLY,2025-03-01
1080,Hyper AI 1080,EDTECH,STARTUP,MONTHLY,2025-04-12
1081,Apex Labs 1081,ECOMMERCE,STARTUP,MONTHLY,2025-01-12
1082,Nexus Solutions 1082,HEALTHCARE,SCALE,ANNUAL,2025-01-04
1083,Acme Cloud 1083,LOGISTICS,SCALE,ANNUAL,2025-02-28
1084,Stratum Cloud 1084,EDTECH,SCALE,MONTHLY,2025-02-21
1085,Nexus Analytics 1085,EDTECH,SCALE,ANNUAL,2025-04-10
1086,Stratum Cloud 1086,HEALTHCARE,SCALE,MONTHLY,2025-01-07
1087,Synapse Cloud 1087,FINTECH,STARTUP,MONTHLY,2025-03-27
1088,Synapse Networks 1088,LOGISTICS,SCALE,MONTHLY,2025-04-17
1089,Synapse AI 1089,HEALTHCARE,SCALE,MONTHLY,2025-02-27
1090,Vertex Cloud 1090,EDTECH,STARTUP,MONTHLY,2025-03-22
1091,Nexus Solutions 1091,LOGISTICS,FREE,MONTHLY,2025-01-31
1092,Vertex Networks 1092,ECOMMERCE,ENTERPRISE,ANNUAL,2025-01-18
1093,Apex Cloud 1093,LOGISTICS,SCALE,ANNUAL,2025-01-09
1094,Stratum Systems 1094,ECOMMERCE,STARTUP,MONTHLY,2025-01-08
1095,Nexus Systems 1095,LOGISTICS,ENTERPRISE,ANNUAL,2025-04-20
1096,Omni Systems 1096,LOGISTICS,FREE,MONTHLY,2025-02-08
1097,Stratum Systems 1097,CYBERSECURITY,SCALE,ANNUAL,2025-03-04
1098,Nexus Solutions 1098,LOGISTICS,STARTUP,MONTHLY,2025-02-13
1099,Stratum Analytics 1099,LOGISTICS,ENTERPRISE,ANNUAL,2025-04-27
1100,Stratum Technologies 1100,FINTECH,SCALE,ANNUAL,2025-04-21
1101,Hyper Analytics 1101,FINTECH,STARTUP,MONTHLY,2025-01-28
1102,Hyper Networks 1102,ECOMMERCE,SCALE,MONTHLY,2025-02-05
1103,Stratum Solutions 1103,FINTECH,STARTUP,ANNUAL,2025-02-14
1104,Nexus Labs 1104,EDTECH,FREE,ANNUAL,2025-02-01
1105,Nexus Technologies 1105,CYBERSECURITY,FREE,ANNUAL,2025-03-02
1106,Nova Cloud 1106,LOGISTICS,SCALE,MONTHLY,2025-01-22
1107,Omni Labs 1107,HEALTHCARE,ENTERPRISE,ANNUAL,2025-03-16
1108,Acme Solutions 1108,CYBERSECURITY,SCALE,MONTHLY,2025-02-20
1109,Nexus Labs 1109,CYBERSECURITY,SCALE,ANNUAL,2025-01-14
1110,Vertex Labs 1110,CYBERSECURITY,SCALE,MONTHLY,2025-03-10
1111,Stratum Networks 1111,FINTECH,STARTUP,MONTHLY,2025-01-02
1112,Stratum AI 1112,FINTECH,STARTUP,MONTHLY,2025-03-23
1113,Hyper Analytics 1113,LOGISTICS,FREE,MONTHLY,2025-03-20
1114,Synapse AI 1114,LOGISTICS,STARTUP,MONTHLY,2025-02-11
1115,Nexus Labs 1115,ECOMMERCE,ENTERPRISE,ANNUAL,2025-04-07
1116,Hyper Systems 1116,ECOMMERCE,FREE,MONTHLY,2025-01-24
1117,Hyper Cloud 1117,ECOMMERCE,SCALE,MONTHLY,2025-02-05
1118,Omni Solutions 1118,CYBERSECURITY,FREE,ANNUAL,2025-01-11
1119,Nexus Systems 1119,LOGISTICS,STARTUP,ANNUAL,2025-03-30
1120,Hyper AI 1120,LOGISTICS,SCALE,ANNUAL,2025-02-07
1121,Nexus Systems 1121,EDTECH,STARTUP,MONTHLY,2025-03-02
1122,Synapse Networks 1122,LOGISTICS,ENTERPRISE,MONTHLY,2025-02-15
1123,Hyper Solutions 1123,ECOMMERCE,STARTUP,ANNUAL,2025-04-03
1124,Nexus Networks 1124,FINTECH,SCALE,ANNUAL,2025-01-25
1125,Nexus AI 1125,ECOMMERCE,SCALE,MONTHLY,2025-01-13
1126,Nexus Solutions 1126,HEALTHCARE,STARTUP,MONTHLY,2025-01-02
1127,Synapse Analytics 1127,ECOMMERCE,FREE,ANNUAL,2025-03-12
1128,Vertex Analytics 1128,EDTECH,ENTERPRISE,MONTHLY,2025-01-14
1129,Acme Solutions 1129,LOGISTICS,STARTUP,MONTHLY,2025-01-24
1130,Acme Solutions 1130,LOGISTICS,FREE,ANNUAL,2025-02-21
1131,Hyper Labs 1131,CYBERSECURITY,SCALE,ANNUAL,2025-01-20
1132,Apex Solutions 1132,FINTECH,ENTERPRISE,ANNUAL,2025-03-13
1133,Stratum Cloud 1133,CYBERSECURITY,STARTUP,MONTHLY,2025-02-08
1134,Omni Systems 1134,ECOMMERCE,STARTUP,ANNUAL,2025-03-20
1135,Nova Cloud 1135,EDTECH,STARTUP,ANNUAL,2025-01-21
1136,Nexus Analytics 1136,CYBERSECURITY,FREE,ANNUAL,2025-02-22
1137,Hyper AI 1137,ECOMMERCE,FREE,MONTHLY,2025-04-01
1138,Vertex AI 1138,FINTECH,SCALE,MONTHLY,2025-04-11
1139,Omni Cloud 1139,LOGISTICS,FREE,ANNUAL,2025-03-24
1140,Apex Solutions 1140,HEALTHCARE,FREE,ANNUAL,2025-04-12
1141,Vertex Solutions 1141,LOGISTICS,FREE,MONTHLY,2025-03-31
1142,Stratum Solutions 1142,CYBERSECURITY,STARTUP,MONTHLY,2025-01-11
1143,Omni Technologies 1143,LOGISTICS,SCALE,MONTHLY,2025-01-04
1144,Nova Cloud 1144,EDTECH,SCALE,ANNUAL,2025-04-08
1145,Vertex Technologies 1145,HEALTHCARE,STARTUP,MONTHLY,2025-04-28
1146,Vertex Analytics 1146,CYBERSECURITY,STARTUP,MONTHLY,2025-01-12
1147,Hyper Networks 1147,LOGISTICS,STARTUP,ANNUAL,2025-04-20
1148,Apex Networks 1148,LOGISTICS,SCALE,MONTHLY,2025-03-26
1149,Stratum Technologies 1149,LOGISTICS,FREE,MONTHLY,2025-02-11
1150,Nova Systems 1150,CYBERSECURITY,SCALE,ANNUAL,2025-03-26
1151,Synapse AI 1151,LOGISTICS,FREE,MONTHLY,2025-03-21
1152,Hyper AI 1152,FINTECH,STARTUP,ANNUAL,2025-04-29
1153,Vertex AI 1153,EDTECH,STARTUP,ANNUAL,2025-03-22
1154,Omni Cloud 1154,EDTECH,FREE,ANNUAL,2025-03-12
1155,Stratum Labs 1155,HEALTHCARE,ENTERPRISE,ANNUAL,2025-03-01
1156,Nova Analytics 1156,LOGISTICS,ENTERPRISE,MONTHLY,2025-03-07
1157,Vertex Systems 1157,LOGISTICS,ENTERPRISE,ANNUAL,2025-02-28
1158,Synapse Analytics 1158,LOGISTICS,FREE,ANNUAL,2025-04-21
1159,Nova Solutions 1159,LOGISTICS,STARTUP,MONTHLY,2025-04-16
1160,Acme Solutions 1160,EDTECH,STARTUP,MONTHLY,2025-04-21
1161,Apex AI 1161,CYBERSECURITY,STARTUP,MONTHLY,2025-03-12
1162,Synapse Systems 1162,LOGISTICS,ENTERPRISE,ANNUAL,2025-03-31
1163,Nexus Systems 1163,HEALTHCARE,ENTERPRISE,MONTHLY,2025-01-06
1164,Pulse AI 1164,EDTECH,ENTERPRISE,MONTHLY,2025-02-19
1165,Apex AI 1165,FINTECH,FREE,MONTHLY,2025-04-22
1166,Nova AI 1166,FINTECH,STARTUP,MONTHLY,2025-01-02
1167,Apex Systems 1167,EDTECH,ENTERPRISE,ANNUAL,2025-03-02
1168,Vertex Networks 1168,CYBERSECURITY,SCALE,ANNUAL,2025-04-20
1169,Pulse Systems 1169,ECOMMERCE,SCALE,MONTHLY,2025-04-22
1170,Synapse Technologies 1170,CYBERSECURITY,FREE,MONTHLY,2025-01-30
1171,Nova Systems 1171,FINTECH,SCALE,ANNUAL,2025-02-26
1172,Apex Solutions 1172,FINTECH,FREE,ANNUAL,2025-02-07
1173,Pulse Networks 1173,LOGISTICS,FREE,MONTHLY,2025-03-14
1174,Apex Analytics 1174,HEALTHCARE,FREE,MONTHLY,2025-03-21
1175,Nexus AI 1175,CYBERSECURITY,FREE,MONTHLY,2025-03-23
1176,Vertex AI 1176,ECOMMERCE,SCALE,MONTHLY,2025-04-26
1177,Vertex Analytics 1177,FINTECH,STARTUP,MONTHLY,2025-03-17
1178,Vertex Systems 1178,EDTECH,STARTUP,MONTHLY,2025-01-26
1179,Stratum AI 1179,FINTECH,STARTUP,MONTHLY,2025-03-15
1180,Vertex Solutions 1180,FINTECH,ENTERPRISE,MONTHLY,2025-02-05
1181,Acme Technologies 1181,CYBERSECURITY,SCALE,MONTHLY,2025-04-10
1182,Nexus Networks 1182,HEALTHCARE,SCALE,MONTHLY,2025-03-28
1183,Apex Labs 1183,EDTECH,SCALE,MONTHLY,2025-04-11
1184,Hyper Technologies 1184,CYBERSECURITY,STARTUP,ANNUAL,2025-01-12
1185,Vertex Networks 1185,EDTECH,STARTUP,ANNUAL,2025-01-17
1186,Synapse Networks 1186,CYBERSECURITY,STARTUP,MONTHLY,2025-04-17
1187,Apex Solutions 1187,LOGISTICS,ENTERPRISE,MONTHLY,2025-04-06
1188,Pulse Labs 1188,LOGISTICS,ENTERPRISE,ANNUAL,2025-04-07
1189,Nexus Systems 1189,CYBERSECURITY,STARTUP,MONTHLY,2025-01-02
1190,Vertex Labs 1190,LOGISTICS,STARTUP,MONTHLY,2025-03-16
1191,Stratum Networks 1191,FINTECH,SCALE,MONTHLY,2025-01-04
1192,Omni Networks 1192,CYBERSECURITY,STARTUP,ANNUAL,2025-03-23
1193,Hyper Solutions 1193,EDTECH,STARTUP,ANNUAL,2025-01-06
1194,Acme Solutions 1194,LOGISTICS,FREE,ANNUAL,2025-04-24
1195,Synapse Analytics 1195,LOGISTICS,STARTUP,MONTHLY,2025-03-17
1196,Apex Systems 1196,EDTECH,FREE,MONTHLY,2025-03-20
1197,Stratum Solutions 1197,FINTECH,SCALE,ANNUAL,2025-02-26
1198,Hyper Cloud 1198,ECOMMERCE,FREE,MONTHLY,2025-03-11
1199,Pulse Technologies 1199,LOGISTICS,STARTUP,ANNUAL,2025-04-19
1200,Hyper Labs 1200,EDTECH,STARTUP,ANNUAL,2025-01-07
1201,Pulse Cloud 1201,HEALTHCARE,SCALE,ANNUAL,2025-01-09
1202,Synapse Cloud 1202,CYBERSECURITY,STARTUP,ANNUAL,2025-02-12
1203,Apex Technologies 1203,ECOMMERCE,ENTERPRISE,ANNUAL,2025-01-17
1204,Synapse Solutions 1204,HEALTHCARE,FREE,ANNUAL,2025-01-17
1205,Acme Networks 1205,HEALTHCARE,STARTUP,ANNUAL,2025-01-23
1206,Vertex Technologies 1206,HEALTHCARE,SCALE,ANNUAL,2025-04-06
1207,Nova AI 1207,LOGISTICS,SCALE,ANNUAL,2025-02-27
1208,Synapse Cloud 1208,CYBERSECURITY,FREE,MONTHLY,2025-02-28
1209,Acme Technologies 1209,LOGISTICS,SCALE,MONTHLY,2025-03-29
1210,Nova AI 1210,EDTECH,ENTERPRISE,ANNUAL,2025-04-26
1211,Nova Networks 1211,CYBERSECURITY,FREE,ANNUAL,2025-02-05
1212,Omni Networks 1212,LOGISTICS,ENTERPRISE,MONTHLY,2025-02-28
1213,Synapse Systems 1213,FINTECH,SCALE,ANNUAL,2025-04-20
1214,Synapse Cloud 1214,LOGISTICS,STARTUP,ANNUAL,2025-02-22
1215,Pulse AI 1215,LOGISTICS,STARTUP,ANNUAL,2025-02-10
1216,Stratum Networks 1216,EDTECH,STARTUP,ANNUAL,2025-03-29
1217,Hyper Labs 1217,FINTECH,SCALE,ANNUAL,2025-02-25
1218,Nova Networks 1218,HEALTHCARE,STARTUP,MONTHLY,2025-03-27
1219,Nova Systems 1219,ECOMMERCE,ENTERPRISE,MONTHLY,2025-04-22
1220,Acme Solutions 1220,CYBERSECURITY,STARTUP,ANNUAL,2025-03-15
1221,Synapse Cloud 1221,HEALTHCARE,SCALE,ANNUAL,2025-04-19
1222,Nova Networks 1222,CYBERSECURITY,STARTUP,MONTHLY,2025-03-15
1223,Nexus Systems 1223,CYBERSECURITY,ENTERPRISE,ANNUAL,2025-03-19
1224,Vertex Technologies 1224,HEALTHCARE,STARTUP,MONTHLY,2025-04-28
1225,Pulse Networks 1225,FINTECH,FREE,ANNUAL,2025-03-14
1226,Stratum Labs 1226,HEALTHCARE,SCALE,ANNUAL,2025-01-12
1227,Synapse Cloud 1227,LOGISTICS,STARTUP,MONTHLY,2025-01-21
1228,Pulse Solutions 1228,EDTECH,STARTUP,ANNUAL,2025-04-24
1229,Acme Analytics 1229,HEALTHCARE,SCALE,ANNUAL,2025-03-28
1230,Nova Solutions 1230,LOGISTICS,SCALE,MONTHLY,2025-03-19
1231,Hyper Systems 1231,ECOMMERCE,STARTUP,ANNUAL,2025-02-14
1232,Stratum Labs 1232,ECOMMERCE,SCALE,MONTHLY,2025-03-09
1233,Vertex Technologies 1233,HEALTHCARE,STARTUP,ANNUAL,2025-01-01
1234,Nexus Solutions 1234,HEALTHCARE,SCALE,MONTHLY,2025-02-07
1235,Pulse Labs 1235,FINTECH,STARTUP,MONTHLY,2025-01-23
1236,Apex Systems 1236,CYBERSECURITY,SCALE,MONTHLY,2025-01-10
1237,Stratum Technologies 1237,LOGISTICS,FREE,ANNUAL,2025-04-21
1238,Pulse Systems 1238,CYBERSECURITY,STARTUP,MONTHLY,2025-02-07
1239,Nova Systems 1239,FINTECH,ENTERPRISE,ANNUAL,2025-04-13
1240,Omni AI 1240,EDTECH,ENTERPRISE,ANNUAL,2025-02-25
1241,Nova Cloud 1241,LOGISTICS,STARTUP,ANNUAL,2025-02-20
1242,Vertex Networks 1242,HEALTHCARE,STARTUP,ANNUAL,2025-01-10
1243,Synapse Labs 1243,CYBERSECURITY,STARTUP,MONTHLY,2025-02-14
1244,Apex Cloud 1244,FINTECH,FREE,ANNUAL,2025-01-23
1245,Omni Analytics 1245,EDTECH,FREE,MONTHLY,2025-03-01
1246,Omni AI 1246,EDTECH,ENTERPRISE,MONTHLY,2025-04-21
1247,Pulse Analytics 1247,LOGISTICS,FREE,MONTHLY,2025-03-22
1248,Vertex Solutions 1248,CYBERSECURITY,FREE,ANNUAL,2025-02-09
1249,Hyper AI 1249,FINTECH,FREE,MONTHLY,2025-01-10
1250,Nova Systems 1250,LOGISTICS,STARTUP,ANNUAL,2025-02-27
1251,Omni Cloud 1251,ECOMMERCE,SCALE,ANNUAL,2025-01-08
1252,Hyper Labs 1252,ECOMMERCE,ENTERPRISE,ANNUAL,2025-03-06
1253,Apex Technologies 1253,HEALTHCARE,SCALE,MONTHLY,2025-03-09
1254,Synapse Analytics 1254,ECOMMERCE,STARTUP,MONTHLY,2025-02-19
1255,Stratum Networks 1255,EDTECH,STARTUP,MONTHLY,2025-01-09
1256,Pulse Labs 1256,CYBERSECURITY,SCALE,MONTHLY,2025-02-02
1257,Omni Analytics 1257,ECOMMERCE,FREE,ANNUAL,2025-04-28
1258,Pulse Solutions 1258,EDTECH,SCALE,MONTHLY,2025-01-17
1259,Omni Labs 1259,ECOMMERCE,STARTUP,MONTHLY,2025-04-15
1260,Apex Labs 1260,EDTECH,SCALE,MONTHLY,2025-01-03
1261,Pulse Solutions 1261,HEALTHCARE,ENTERPRISE,MONTHLY,2025-04-09
1262,Hyper Cloud 1262,HEALTHCARE,ENTERPRISE,ANNUAL,2025-01-10
1263,Vertex Labs 1263,CYBERSECURITY,SCALE,ANNUAL,2025-03-26
1264,Pulse Analytics 1264,CYBERSECURITY,STARTUP,ANNUAL,2025-01-24
1265,Omni Analytics 1265,EDTECH,STARTUP,MONTHLY,2025-02-16
1266,Nexus AI 1266,CYBERSECURITY,STARTUP,MONTHLY,2025-01-30
1267,Synapse Cloud 1267,ECOMMERCE,ENTERPRISE,MONTHLY,2025-04-26
1268,Nexus Networks 1268,EDTECH,ENTERPRISE,MONTHLY,2025-03-01
1269,Vertex Systems 1269,CYBERSECURITY,STARTUP,ANNUAL,2025-04-15
1270,Nexus Analytics 1270,ECOMMERCE,FREE,MONTHLY,2025-04-22
1271,Pulse Labs 1271,EDTECH,SCALE,ANNUAL,2025-02-06
1272,Nova Analytics 1272,ECOMMERCE,STARTUP,ANNUAL,2025-04-17
1273,Stratum Labs 1273,HEALTHCARE,SCALE,MONTHLY,2025-04-30
1274,Acme Systems 1274,FINTECH,STARTUP,MONTHLY,2025-01-31
1275,Stratum Labs 1275,ECOMMERCE,STARTUP,MONTHLY,2025-04-30
1276,Nova Networks 1276,HEALTHCARE,FREE,MONTHLY,2025-04-28
1277,Hyper Analytics 1277,EDTECH,STARTUP,ANNUAL,2025-04-26
1278,Nova Technologies 1278,ECOMMERCE,STARTUP,ANNUAL,2025-03-12
1279,Omni Systems 1279,FINTECH,SCALE,ANNUAL,2025-02-08
1280,Nova Technologies 1280,HEALTHCARE,STARTUP,MONTHLY,2025-01-09
1281,Nova AI 1281,CYBERSECURITY,STARTUP,ANNUAL,2025-04-02
1282,Apex Solutions 1282,LOGISTICS,FREE,MONTHLY,2025-01-31
1283,Omni Systems 1283,HEALTHCARE,SCALE,ANNUAL,2025-03-09
1284,Pulse Labs 1284,CYBERSECURITY,STARTUP,ANNUAL,2025-02-19
1285,Hyper Technologies 1285,EDTECH,STARTUP,MONTHLY,2025-02-02
1286,Acme Networks 1286,FINTECH,STARTUP,ANNUAL,2025-04-09
1287,Omni Networks 1287,HEALTHCARE,FREE,MONTHLY,2025-04-15
1288,Apex AI 1288,EDTECH,STARTUP,ANNUAL,2025-04-14
1289,Apex Labs 1289,EDTECH,SCALE,MONTHLY,2025-01-05
1290,Vertex Cloud 1290,FINTECH,SCALE,ANNUAL,2025-02-10
1291,Vertex Systems 1291,CYBERSECURITY,STARTUP,ANNUAL,2025-04-07
1292,Nexus Solutions 1292,ECOMMERCE,ENTERPRISE,ANNUAL,2025-04-21
1293,Pulse Solutions 1293,FINTECH,SCALE,MONTHLY,2025-04-24
1294,Stratum AI 1294,LOGISTICS,STARTUP,ANNUAL,2025-03-05
1295,Hyper Networks 1295,CYBERSECURITY,STARTUP,ANNUAL,2025-04-04
1296,Stratum Labs 1296,LOGISTICS,SCALE,ANNUAL,2025-03-11
1297,Vertex Networks 1297,FINTECH,FREE,MONTHLY,2025-02-09
1298,Hyper Systems 1298,HEALTHCARE,SCALE,MONTHLY,2025-02-27
1299,Acme Networks 1299,CYBERSECURITY,ENTERPRISE,MONTHLY,2025-03-23
1300,Acme Labs 1300,EDTECH,SCALE,MONTHLY,2025-03-07
1301,Apex Technologies 1301,HEALTHCARE,SCALE,MONTHLY,2025-01-05
1302,Apex Labs 1302,HEALTHCARE,SCALE,MONTHLY,2025-02-16
1303,Stratum Technologies 1303,CYBERSECURITY,FREE,MONTHLY,2025-02-17
1304,Pulse AI 1304,FINTECH,STARTUP,MONTHLY,2025-02-20
1305,Pulse Solutions 1305,HEALTHCARE,ENTERPRISE,ANNUAL,2025-04-05
1306,Apex AI 1306,CYBERSECURITY,STARTUP,ANNUAL,2025-02-03
1307,Vertex AI 1307,HEALTHCARE,ENTERPRISE,MONTHLY,2025-03-30
1308,Hyper Cloud 1308,FINTECH,FREE,ANNUAL,2025-02-27
1309,Apex AI 1309,FINTECH,SCALE,MONTHLY,2025-03-27
1310,Pulse Labs 1310,CYBERSECURITY,STARTUP,MONTHLY,2025-04-19
1311,Apex Analytics 1311,ECOMMERCE,STARTUP,ANNUAL,2025-01-26
1312,Apex Cloud 1312,LOGISTICS,FREE,MONTHLY,2025-03-01
1313,Synapse Analytics 1313,CYBERSECURITY,ENTERPRISE,ANNUAL,2025-02-09
1314,Stratum AI 1314,CYBERSECURITY,STARTUP,MONTHLY,2025-04-16
1315,Omni Labs 1315,HEALTHCARE,ENTERPRISE,ANNUAL,2025-02-27
1316,Hyper Networks 1316,HEALTHCARE,ENTERPRISE,ANNUAL,2025-04-09
1317,Apex Systems 1317,CYBERSECURITY,ENTERPRISE,ANNUAL,2025-04-17
1318,Nova Analytics 1318,ECOMMERCE,FREE,MONTHLY,2025-04-30
1319,Nexus Networks 1319,CYBERSECURITY,ENTERPRISE,ANNUAL,2025-02-02
1320,Nexus Solutions 1320,HEALTHCARE,SCALE,ANNUAL,2025-03-06
1321,Apex Analytics 1321,HEALTHCARE,SCALE,MONTHLY,2025-04-18
1322,Omni Technologies 1322,FINTECH,FREE,MONTHLY,2025-03-25
1323,Nexus Systems 1323,CYBERSECURITY,SCALE,MONTHLY,2025-04-24
1324,Synapse Solutions 1324,EDTECH,ENTERPRISE,MONTHLY,2025-02-01
1325,Stratum Solutions 1325,LOGISTICS,FREE,ANNUAL,2025-01-21
1326,Hyper Systems 1326,LOGISTICS,STARTUP,MONTHLY,2025-03-19
1327,Apex Networks 1327,EDTECH,STARTUP,MONTHLY,2025-02-21
1328,Apex Networks 1328,CYBERSECURITY,STARTUP,MONTHLY,2025-01-31
1329,Hyper Labs 1329,ECOMMERCE,STARTUP,ANNUAL,2025-01-13
1330,Acme Solutions 1330,LOGISTICS,ENTERPRISE,MONTHLY,2025-02-01
1331,Apex Networks 1331,CYBERSECURITY,SCALE,ANNUAL,2025-04-08
1332,Apex AI 1332,CYBERSECURITY,STARTUP,MONTHLY,2025-03-05
1333,Acme Labs 1333,LOGISTICS,STARTUP,ANNUAL,2025-01-28
1334,Omni Networks 1334,FINTECH,FREE,MONTHLY,2025-03-18
1335,Hyper Solutions 1335,CYBERSECURITY,FREE,ANNUAL,2025-02-25
1336,Apex Solutions 1336,EDTECH,STARTUP,MONTHLY,2025-02-16
1337,Acme Systems 1337,FINTECH,STARTUP,ANNUAL,2025-02-16
1338,Synapse Solutions 1338,FINTECH,STARTUP,MONTHLY,2025-04-08
1339,Synapse Solutions 1339,CYBERSECURITY,SCALE,ANNUAL,2025-01-17
1340,Nova Systems 1340,ECOMMERCE,SCALE,MONTHLY,2025-03-13
1341,Pulse Analytics 1341,HEALTHCARE,SCALE,MONTHLY,2025-03-06
1342,Acme Technologies 1342,FINTECH,FREE,MONTHLY,2025-04-13
1343,Hyper AI 1343,HEALTHCARE,SCALE,ANNUAL,2025-02-11
1344,Omni Networks 1344,HEALTHCARE,STARTUP,MONTHLY,2025-03-17
1345,Pulse AI 1345,EDTECH,STARTUP,MONTHLY,2025-04-15
1346,Acme Networks 1346,ECOMMERCE,SCALE,MONTHLY,2025-03-16
1347,Vertex Technologies 1347,CYBERSECURITY,STARTUP,ANNUAL,2025-04-03
1348,Acme AI 1348,HEALTHCARE,STARTUP,MONTHLY,2025-01-19
1349,Nexus Technologies 1349,CYBERSECURITY,ENTERPRISE,ANNUAL,2025-01-25
1350,Acme AI 1350,ECOMMERCE,STARTUP,MONTHLY,2025-03-30
1351,Nexus Systems 1351,CYBERSECURITY,SCALE,MONTHLY,2025-04-22
1352,Acme Analytics 1352,CYBERSECURITY,STARTUP,MONTHLY,2025-03-26
1353,Hyper Systems 1353,ECOMMERCE,ENTERPRISE,MONTHLY,2025-04-27
1354,Synapse Networks 1354,CYBERSECURITY,STARTUP,MONTHLY,2025-03-20
1355,Hyper Cloud 1355,HEALTHCARE,STARTUP,MONTHLY,2025-01-29
1356,Vertex Solutions 1356,EDTECH,STARTUP,MONTHLY,2025-02-10
1357,Hyper Networks 1357,CYBERSECURITY,ENTERPRISE,MONTHLY,2025-02-06
1358,Nova Systems 1358,LOGISTICS,SCALE,ANNUAL,2025-02-07
1359,Acme Solutions 1359,EDTECH,FREE,MONTHLY,2025-03-25
1360,Vertex AI 1360,HEALTHCARE,STARTUP,MONTHLY,2025-04-30
1361,Synapse Solutions 1361,HEALTHCARE,FREE,ANNUAL,2025-02-01
1362,Acme Cloud 1362,EDTECH,STARTUP,ANNUAL,2025-02-22
1363,Pulse AI 1363,FINTECH,SCALE,ANNUAL,2025-01-01
1364,Synapse Analytics 1364,LOGISTICS,SCALE,MONTHLY,2025-03-03
1365,Nexus Solutions 1365,ECOMMERCE,STARTUP,ANNUAL,2025-04-27
1366,Nova Cloud 1366,CYBERSECURITY,SCALE,ANNUAL,2025-04-27
1367,Apex Systems 1367,HEALTHCARE,ENTERPRISE,ANNUAL,2025-04-18
1368,Stratum AI 1368,HEALTHCARE,ENTERPRISE,MONTHLY,2025-04-23
1369,Acme Technologies 1369,ECOMMERCE,STARTUP,ANNUAL,2025-04-29
1370,Pulse Solutions 1370,LOGISTICS,ENTERPRISE,MONTHLY,2025-04-24
1371,Apex AI 1371,ECOMMERCE,FREE,ANNUAL,2025-02-12
1372,Apex AI 1372,EDTECH,STARTUP,ANNUAL,2025-01-02
1373,Pulse Solutions 1373,CYBERSECURITY,SCALE,ANNUAL,2025-01-23
1374,Omni Systems 1374,LOGISTICS,STARTUP,ANNUAL,2025-02-21
1375,Nova Analytics 1375,HEALTHCARE,STARTUP,ANNUAL,2025-01-01
1376,Vertex Systems 1376,HEALTHCARE,STARTUP,MONTHLY,2025-02-12
1377,Vertex Technologies 1377,ECOMMERCE,SCALE,ANNUAL,2025-01-08
1378,Nova AI 1378,ECOMMERCE,FREE,MONTHLY,2025-03-30
1379,Nova Solutions 1379,ECOMMERCE,SCALE,ANNUAL,2025-01-18
1380,Hyper Analytics 1380,LOGISTICS,SCALE,MONTHLY,2025-02-23
1381,Synapse AI 1381,CYBERSECURITY,SCALE,ANNUAL,2025-04-08
1382,Nexus Labs 1382,CYBERSECURITY,STARTUP,MONTHLY,2025-01-10
1383,Omni Labs 1383,FINTECH,SCALE,ANNUAL,2025-03-15
1384,Synapse Analytics 1384,HEALTHCARE,STARTUP,MONTHLY,2025-01-15
1385,Nexus AI 1385,FINTECH,ENTERPRISE,MONTHLY,2025-04-14
1386,Acme AI 1386,HEALTHCARE,STARTUP,MONTHLY,2025-03-14
1387,Acme AI 1387,EDTECH,SCALE,ANNUAL,2025-02-20
1388,Vertex Technologies 1388,EDTECH,STARTUP,ANNUAL,2025-01-06
1389,Stratum Networks 1389,EDTECH,FREE,ANNUAL,2025-04-30
1390,Nova AI 1390,FINTECH,STARTUP,ANNUAL,2025-04-09
1391,Apex Systems 1391,ECOMMERCE,ENTERPRISE,MONTHLY,2025-02-27
1392,Stratum Systems 1392,FINTECH,SCALE,ANNUAL,2025-03-25
1393,Pulse Labs 1393,HEALTHCARE,ENTERPRISE,MONTHLY,2025-03-09
1394,Apex Cloud 1394,FINTECH,SCALE,MONTHLY,2025-03-01
1395,Synapse Systems 1395,CYBERSECURITY,STARTUP,ANNUAL,2025-02-01
1396,Hyper Networks 1396,HEALTHCARE,STARTUP,ANNUAL,2025-01-05
1397,Stratum Technologies 1397,HEALTHCARE,STARTUP,ANNUAL,2025-03-18
1398,Acme AI 1398,CYBERSECURITY,SCALE,ANNUAL,2025-02-01
1399,Acme Systems 1399,LOGISTICS,STARTUP,ANNUAL,2025-04-07
1400,Acme Analytics 1400,CYBERSECURITY,ENTERPRISE,ANNUAL,2025-04-15
1401,Omni Networks 1401,CYBERSECURITY,STARTUP,MONTHLY,2025-01-31
1402,Vertex Analytics 1402,EDTECH,STARTUP,MONTHLY,2025-02-08
1403,Vertex Technologies 1403,CYBERSECURITY,ENTERPRISE,ANNUAL,2025-03-22
1404,Stratum AI 1404,FINTECH,ENTERPRISE,MONTHLY,2025-04-11
1405,Synapse Networks 1405,EDTECH,STARTUP,ANNUAL,2025-02-08
1406,Stratum Analytics 1406,CYBERSECURITY,STARTUP,ANNUAL,2025-02-08
1407,Apex AI 1407,FINTECH,STARTUP,MONTHLY,2025-03-13
1408,Synapse Analytics 1408,LOGISTICS,STARTUP,ANNUAL,2025-02-12
1409,Nova AI 1409,ECOMMERCE,FREE,ANNUAL,2025-01-07
1410,Vertex Systems 1410,EDTECH,SCALE,ANNUAL,2025-04-22
1411,Nova Cloud 1411,CYBERSECURITY,SCALE,ANNUAL,2025-03-03
1412,Nexus Networks 1412,ECOMMERCE,ENTERPRISE,ANNUAL,2025-01-28
1413,Nexus Labs 1413,EDTECH,ENTERPRISE,MONTHLY,2025-04-28
1414,Nexus Cloud 1414,LOGISTICS,ENTERPRISE,MONTHLY,2025-04-10
1415,Vertex Systems 1415,LOGISTICS,STARTUP,MONTHLY,2025-02-09
1416,Vertex Networks 1416,CYBERSECURITY,ENTERPRISE,MONTHLY,2025-01-13
1417,Hyper Networks 1417,HEALTHCARE,STARTUP,MONTHLY,2025-01-06
1418,Omni Cloud 1418,EDTECH,FREE,MONTHLY,2025-03-12
1419,Omni Systems 1419,ECOMMERCE,FREE,MONTHLY,2025-01-30
1420,Stratum Cloud 1420,LOGISTICS,STARTUP,MONTHLY,2025-02-02
1421,Hyper AI 1421,LOGISTICS,FREE,MONTHLY,2025-01-22
1422,Apex AI 1422,HEALTHCARE,ENTERPRISE,ANNUAL,2025-03-09
1423,Acme Labs 1423,EDTECH,FREE,ANNUAL,2025-02-22
1424,Apex Cloud 1424,FINTECH,SCALE,ANNUAL,2025-01-28
1425,Synapse AI 1425,ECOMMERCE,FREE,MONTHLY,2025-03-26
1426,Hyper Technologies 1426,FINTECH,STARTUP,MONTHLY,2025-01-02
1427,Acme Solutions 1427,CYBERSECURITY,ENTERPRISE,ANNUAL,2025-03-06
1428,Stratum Analytics 1428,FINTECH,ENTERPRISE,ANNUAL,2025-01-31
1429,Nexus Solutions 1429,ECOMMERCE,STARTUP,MONTHLY,2025-01-11
1430,Pulse Systems 1430,LOGISTICS,STARTUP,ANNUAL,2025-02-08
1431,Nova Technologies 1431,FINTECH,STARTUP,MONTHLY,2025-03-12
1432,Hyper Technologies 1432,EDTECH,FREE,ANNUAL,2025-01-11
1433,Hyper Systems 1433,EDTECH,SCALE,ANNUAL,2025-04-25
1434,Synapse Technologies 1434,HEALTHCARE,STARTUP,MONTHLY,2025-02-04
1435,Acme Labs 1435,EDTECH,ENTERPRISE,ANNUAL,2025-01-23
1436,Pulse Technologies 1436,HEALTHCARE,STARTUP,MONTHLY,2025-04-29
1437,Nova Solutions 1437,HEALTHCARE,STARTUP,MONTHLY,2025-03-28
1438,Synapse Networks 1438,LOGISTICS,SCALE,ANNUAL,2025-04-12
1439,Nova Networks 1439,FINTECH,FREE,ANNUAL,2025-04-18
1440,Nova Networks 1440,CYBERSECURITY,SCALE,MONTHLY,2025-04-10
1441,Pulse Technologies 1441,EDTECH,STARTUP,MONTHLY,2025-03-04
1442,Nexus Networks 1442,CYBERSECURITY,ENTERPRISE,MONTHLY,2025-01-24
1443,Omni Systems 1443,FINTECH,SCALE,MONTHLY,2025-04-13
1444,Nexus Labs 1444,FINTECH,STARTUP,MONTHLY,2025-04-02
1445,Apex Systems 1445,ECOMMERCE,STARTUP,ANNUAL,2025-01-01
1446,Vertex AI 1446,ECOMMERCE,SCALE,ANNUAL,2025-01-17
1447,Nova Analytics 1447,LOGISTICS,STARTUP,MONTHLY,2025-01-14
1448,Acme Labs 1448,ECOMMERCE,STARTUP,MONTHLY,2025-04-21
1449,Stratum Technologies 1449,ECOMMERCE,STARTUP,ANNUAL,2025-04-03
1450,Synapse Cloud 1450,CYBERSECURITY,STARTUP,MONTHLY,2025-01-22
1451,Apex Solutions 1451,ECOMMERCE,STARTUP,ANNUAL,2025-01-09
1452,Apex Systems 1452,ECOMMERCE,STARTUP,MONTHLY,2025-04-11
1453,Nova Networks 1453,ECOMMERCE,ENTERPRISE,MONTHLY,2025-03-18
1454,Omni Cloud 1454,LOGISTICS,FREE,MONTHLY,2025-01-01
1455,Stratum Networks 1455,CYBERSECURITY,STARTUP,MONTHLY,2025-02-26
1456,Pulse Systems 1456,EDTECH,ENTERPRISE,ANNUAL,2025-02-08
1457,Pulse Cloud 1457,LOGISTICS,STARTUP,MONTHLY,2025-02-10
1458,Vertex AI 1458,CYBERSECURITY,SCALE,MONTHLY,2025-02-18
1459,Vertex Systems 1459,ECOMMERCE,FREE,ANNUAL,2025-03-17
1460,Synapse Analytics 1460,EDTECH,SCALE,ANNUAL,2025-04-04
1461,Hyper Cloud 1461,LOGISTICS,SCALE,ANNUAL,2025-04-15
1462,Stratum AI 1462,HEALTHCARE,SCALE,ANNUAL,2025-02-02
1463,Apex Systems 1463,LOGISTICS,FREE,MONTHLY,2025-03-16
1464,Stratum Systems 1464,CYBERSECURITY,FREE,MONTHLY,2025-03-31
1465,Synapse Labs 1465,FINTECH,SCALE,MONTHLY,2025-01-22
1466,Omni Technologies 1466,CYBERSECURITY,ENTERPRISE,MONTHLY,2025-04-07
1467,Pulse Systems 1467,FINTECH,FREE,MONTHLY,2025-01-29
1468,Synapse Cloud 1468,LOGISTICS,STARTUP,MONTHLY,2025-04-09
1469,Omni Analytics 1469,ECOMMERCE,ENTERPRISE,MONTHLY,2025-01-14
1470,Vertex Systems 1470,FINTECH,FREE,ANNUAL,2025-02-14
1471,Vertex Networks 1471,LOGISTICS,SCALE,MONTHLY,2025-02-14
1472,Hyper Labs 1472,LOGISTICS,SCALE,MONTHLY,2025-02-10
1473,Nova Solutions 1473,FINTECH,SCALE,ANNUAL,2025-01-03
1474,Pulse Labs 1474,EDTECH,SCALE,ANNUAL,2025-03-08
1475,Apex Analytics 1475,ECOMMERCE,STARTUP,MONTHLY,2025-01-30
1476,Stratum Analytics 1476,HEALTHCARE,SCALE,MONTHLY,2025-02-20
1477,Acme Cloud 1477,LOGISTICS,STARTUP,MONTHLY,2025-01-01
1478,Nexus Cloud 1478,ECOMMERCE,SCALE,ANNUAL,2025-03-15
1479,Nova Analytics 1479,ECOMMERCE,STARTUP,MONTHLY,2025-01-15
1480,Vertex AI 1480,CYBERSECURITY,ENTERPRISE,MONTHLY,2025-03-18
1481,Stratum Systems 1481,CYBERSECURITY,FREE,MONTHLY,2025-04-19
1482,Hyper Analytics 1482,EDTECH,SCALE,MONTHLY,2025-04-28
1483,Omni Labs 1483,EDTECH,FREE,ANNUAL,2025-01-31
1484,Vertex Labs 1484,HEALTHCARE,STARTUP,ANNUAL,2025-03-07
1485,Stratum Systems 1485,CYBERSECURITY,FREE,MONTHLY,2025-02-24
1486,Apex AI 1486,EDTECH,STARTUP,ANNUAL,2025-03-13
1487,Apex AI 1487,ECOMMERCE,FREE,MONTHLY,2025-04-18
1488,Hyper Technologies 1488,ECOMMERCE,ENTERPRISE,MONTHLY,2025-01-18
1489,Nexus Systems 1489,CYBERSECURITY,STARTUP,MONTHLY,2025-02-22
1490,Hyper Systems 1490,EDTECH,SCALE,MONTHLY,2025-01-22
1491,Nova Technologies 1491,HEALTHCARE,STARTUP,MONTHLY,2025-01-29
1492,Synapse Solutions 1492,HEALTHCARE,SCALE,MONTHLY,2025-03-12
1493,Synapse Labs 1493,CYBERSECURITY,FREE,MONTHLY,2025-03-11
1494,Acme AI 1494,CYBERSECURITY,STARTUP,MONTHLY,2025-01-14
1495,Nexus Solutions 1495,FINTECH,STARTUP,MONTHLY,2025-04-21
1496,Nova AI 1496,FINTECH,SCALE,ANNUAL,2025-01-27
1497,Omni Networks 1497,EDTECH,SCALE,MONTHLY,2025-01-22
1498,Omni Analytics 1498,HEALTHCARE,SCALE,ANNUAL,2025-03-14
1499,Pulse Solutions 1499,CYBERSECURITY,STARTUP,MONTHLY,2025-04-01
1500,Vertex Solutions 1500,CYBERSECURITY,STARTUP,ANNUAL,2025-01-18
1501,Stratum Technologies 1501,ECOMMERCE,ENTERPRISE,ANNUAL,2025-03-31
1502,Apex Cloud 1502,HEALTHCARE,SCALE,ANNUAL,2025-04-08
1503,Stratum AI 1503,HEALTHCARE,STARTUP,MONTHLY,2025-03-22
1504,Stratum Systems 1504,LOGISTICS,FREE,ANNUAL,2025-02-21
1505,Synapse Solutions 1505,EDTECH,ENTERPRISE,MONTHLY,2025-02-28
1506,Hyper Networks 1506,CYBERSECURITY,FREE,ANNUAL,2025-04-04
1507,Hyper Networks 1507,FINTECH,SCALE,MONTHLY,2025-01-28
1508,Stratum Cloud 1508,LOGISTICS,STARTUP,MONTHLY,2025-02-13
1509,Synapse Analytics 1509,CYBERSECURITY,ENTERPRISE,MONTHLY,2025-04-25
1510,Acme Technologies 1510,FINTECH,SCALE,MONTHLY,2025-01-03
1511,Nova Analytics 1511,LOGISTICS,STARTUP,MONTHLY,2025-01-26
1512,Apex Solutions 1512,HEALTHCARE,ENTERPRISE,MONTHLY,2025-01-12
1513,Pulse Solutions 1513,FINTECH,STARTUP,ANNUAL,2025-01-07
1514,Stratum Solutions 1514,EDTECH,SCALE,ANNUAL,2025-02-24
1515,Nova Labs 1515,FINTECH,STARTUP,ANNUAL,2025-01-17
1516,Omni Cloud 1516,CYBERSECURITY,SCALE,ANNUAL,2025-01-02
1517,Pulse Labs 1517,LOGISTICS,SCALE,MONTHLY,2025-01-10
1518,Nexus Systems 1518,FINTECH,SCALE,ANNUAL,2025-01-14
1519,Pulse Networks 1519,ECOMMERCE,FREE,ANNUAL,2025-03-24
1520,Apex Labs 1520,CYBERSECURITY,STARTUP,ANNUAL,2025-02-26
1521,Pulse Cloud 1521,EDTECH,SCALE,MONTHLY,2025-03-20
1522,Hyper Cloud 1522,FINTECH,ENTERPRISE,ANNUAL,2025-04-07
1523,Nova Systems 1523,ECOMMERCE,ENTERPRISE,MONTHLY,2025-04-12
1524,Apex Cloud 1524,ECOMMERCE,SCALE,ANNUAL,2025-03-12
1525,Omni Solutions 1525,EDTECH,FREE,MONTHLY,2025-01-27
1526,Synapse Cloud 1526,EDTECH,STARTUP,ANNUAL,2025-04-11
1527,Nexus AI 1527,LOGISTICS,FREE,MONTHLY,2025-03-23
1528,Omni Labs 1528,CYBERSECURITY,ENTERPRISE,ANNUAL,2025-02-16
1529,Pulse Analytics 1529,LOGISTICS,ENTERPRISE,MONTHLY,2025-02-16
1530,Synapse Analytics 1530,LOGISTICS,ENTERPRISE,ANNUAL,2025-01-03
1531,Omni Labs 1531,FINTECH,STARTUP,ANNUAL,2025-04-29
1532,Acme Systems 1532,CYBERSECURITY,STARTUP,MONTHLY,2025-02-24
1533,Stratum Labs 1533,EDTECH,STARTUP,ANNUAL,2025-02-05
1534,Nova Solutions 1534,FINTECH,STARTUP,ANNUAL,2025-04-14
1535,Apex Networks 1535,LOGISTICS,STARTUP,ANNUAL,2025-02-09
1536,Stratum Cloud 1536,FINTECH,STARTUP,MONTHLY,2025-01-15
1537,Hyper Technologies 1537,ECOMMERCE,SCALE,ANNUAL,2025-01-16
1538,Acme Analytics 1538,EDTECH,FREE,MONTHLY,2025-02-14
1539,Synapse Solutions 1539,HEALTHCARE,STARTUP,MONTHLY,2025-04-04
1540,Nova Technologies 1540,ECOMMERCE,SCALE,MONTHLY,2025-03-09
1541,Nova Solutions 1541,EDTECH,ENTERPRISE,ANNUAL,2025-03-05
1542,Hyper Networks 1542,FINTECH,STARTUP,ANNUAL,2025-02-17
1543,Apex Solutions 1543,FINTECH,ENTERPRISE,ANNUAL,2025-01-30
1544,Synapse Technologies 1544,FINTECH,ENTERPRISE,ANNUAL,2025-02-01
1545,Acme AI 1545,ECOMMERCE,STARTUP,ANNUAL,2025-01-23
1546,Acme Systems 1546,HEALTHCARE,STARTUP,MONTHLY,2025-04-28
1547,Pulse Solutions 1547,FINTECH,STARTUP,ANNUAL,2025-03-06
1548,Acme Analytics 1548,HEALTHCARE,SCALE,ANNUAL,2025-02-21
1549,Nova AI 1549,ECOMMERCE,SCALE,MONTHLY,2025-02-11
1550,Nova AI 1550,FINTECH,STARTUP,MONTHLY,2025-03-14
1551,Vertex Cloud 1551,LOGISTICS,STARTUP,MONTHLY,2025-04-09
1552,Nexus Cloud 1552,HEALTHCARE,FREE,MONTHLY,2025-01-04
1553,Nexus Networks 1553,EDTECH,SCALE,ANNUAL,2025-02-12
1554,Acme Systems 1554,EDTECH,SCALE,ANNUAL,2025-01-27
1555,Synapse Cloud 1555,LOGISTICS,STARTUP,ANNUAL,2025-01-19
1556,Vertex Labs 1556,FINTECH,ENTERPRISE,MONTHLY,2025-03-31
1557,Pulse AI 1557,EDTECH,FREE,ANNUAL,2025-03-06
1558,Apex Systems 1558,FINTECH,STARTUP,ANNUAL,2025-02-25
1559,Apex Cloud 1559,ECOMMERCE,STARTUP,MONTHLY,2025-04-29
1560,Stratum Networks 1560,ECOMMERCE,STARTUP,ANNUAL,2025-01-10
1561,Nexus Analytics 1561,CYBERSECURITY,FREE,ANNUAL,2025-01-22
1562,Hyper AI 1562,ECOMMERCE,STARTUP,MONTHLY,2025-04-09
1563,Nexus AI 1563,ECOMMERCE,STARTUP,ANNUAL,2025-01-12
1564,Apex Solutions 1564,EDTECH,SCALE,ANNUAL,2025-01-28
1565,Pulse Analytics 1565,FINTECH,SCALE,MONTHLY,2025-02-20
1566,Synapse Technologies 1566,EDTECH,STARTUP,ANNUAL,2025-01-04
1567,Stratum AI 1567,CYBERSECURITY,SCALE,ANNUAL,2025-01-13
1568,Hyper Labs 1568,HEALTHCARE,FREE,ANNUAL,2025-04-17
1569,Nexus Analytics 1569,HEALTHCARE,SCALE,MONTHLY,2025-03-29
1570,Nova Solutions 1570,FINTECH,FREE,ANNUAL,2025-01-26
1571,Hyper Analytics 1571,FINTECH,ENTERPRISE,MONTHLY,2025-01-16
1572,Acme AI 1572,FINTECH,FREE,MONTHLY,2025-04-16
1573,Stratum AI 1573,FINTECH,STARTUP,MONTHLY,2025-01-23
1574,Pulse Cloud 1574,HEALTHCARE,STARTUP,MONTHLY,2025-04-24
1575,Apex Technologies 1575,CYBERSECURITY,SCALE,ANNUAL,2025-03-24
1576,Vertex AI 1576,LOGISTICS,ENTERPRISE,MONTHLY,2025-01-08
1577,Nova Solutions 1577,LOGISTICS,FREE,ANNUAL,2025-03-24
1578,Synapse Cloud 1578,EDTECH,ENTERPRISE,ANNUAL,2025-02-18
1579,Pulse AI 1579,CYBERSECURITY,SCALE,MONTHLY,2025-04-27
1580,Omni Networks 1580,LOGISTICS,STARTUP,ANNUAL,2025-02-10
1581,Omni Cloud 1581,FINTECH,ENTERPRISE,MONTHLY,2025-01-08
1582,Hyper Networks 1582,CYBERSECURITY,ENTERPRISE,ANNUAL,2025-01-13
1583,Nexus Cloud 1583,ECOMMERCE,STARTUP,ANNUAL,2025-04-08
1584,Nexus Systems 1584,ECOMMERCE,ENTERPRISE,ANNUAL,2025-01-23
1585,Nexus Networks 1585,EDTECH,SCALE,ANNUAL,2025-04-01
1586,Pulse Analytics 1586,CYBERSECURITY,ENTERPRISE,MONTHLY,2025-03-11
1587,Vertex Analytics 1587,LOGISTICS,FREE,ANNUAL,2025-01-30
1588,Omni Cloud 1588,FINTECH,STARTUP,ANNUAL,2025-02-12
1589,Omni Cloud 1589,HEALTHCARE,STARTUP,ANNUAL,2025-04-28
1590,Pulse Technologies 1590,FINTECH,FREE,ANNUAL,2025-04-10
1591,Nova Networks 1591,FINTECH,STARTUP,MONTHLY,2025-03-17
1592,Nova Networks 1592,ECOMMERCE,STARTUP,ANNUAL,2025-04-04
1593,Stratum AI 1593,EDTECH,STARTUP,MONTHLY,2025-01-29
1594,Omni Analytics 1594,LOGISTICS,STARTUP,MONTHLY,2025-01-17
1595,Apex Technologies 1595,EDTECH,ENTERPRISE,MONTHLY,2025-04-19
1596,Omni Technologies 1596,HEALTHCARE,SCALE,ANNUAL,2025-03-23
1597,Omni Labs 1597,LOGISTICS,FREE,ANNUAL,2025-01-31
1598,Pulse Networks 1598,HEALTHCARE,SCALE,ANNUAL,2025-04-16
1599,Pulse AI 1599,FINTECH,STARTUP,ANNUAL,2025-03-30
1600,Nova Networks 1600,ECOMMERCE,SCALE,ANNUAL,2025-01-07
