customer_id,customer_name,customer_tier,customer_region,email_address,account_created_date
1,Customer 00001 Inc,standard,NORTH_AMERICA,user_1@enterprise1.com,2024-04-08
2,Customer 00002 Inc,Silver,EMEA,user_2@enterprise2.com,2024-12-14
3,Customer 00003 Inc,GOLD,APAC,user_3@enterprise3.com,2024-01-09
4,Customer 00004 Inc,PLATINUM,LATAM,user_4@enterprise4.com,2024-07-02
5,Customer 00005 Inc,STANDARD,NORTH_AMERICA,user_5@enterprise5.com,2024-04-12
6,Customer 00006 Inc,silver,EMEA,user_6@enterprise6.com,2024-06-22
7,Customer 00007 Inc,Gold ,APAC,user_7@enterprise7.com,2024-06-09
8, Customer 00008 Inc ,Platinum,LATAM,user_8@enterprise8.com,2024-02-23
9,Customer 00009 Inc,STANDARD,NORTH_AMERICA,user_9@enterprise9.com,2024-01-17
10,Customer 00010 Inc, SILVER,EMEA,user_10@enterprise10.com,2024-05-21
11, Customer 00011 Inc ,gold,APAC,user_11@enterprise11.com,2024-03-17
12,Customer 00012 Inc,platinum,LATAM,user_12@enterprise12.com,2024-07-04
13,Customer 00013 Inc,STANDARD,NORTH_AMERICA,user_13@enterprise13.com,2024-03-26
14,Customer 00014 Inc,Silver,EMEA,user_14@enterprise14.com,2024-05-08
15,Customer 00015 Inc,gold,APAC,user_15@enterprise15.com,2024-05-21
16,Customer 00016 Inc,Platinum,LATAM,user_16@enterprise16.com,2024-12-18
17,Customer 00017 Inc, STANDARD ,NORTH_AMERICA,user_17@enterprise17.com,2024-04-03
18,Customer 00018 Inc,Silver,EMEA,user_18@enterprise18.com,2024-08-22
19,Customer 00019 Inc, GOLD,APAC,user_19@enterprise19.com,2024-12-11
20,Customer 00020 Inc,Platinum,LATAM,user_20@enterprise20.com,2024-07-07
21,Customer 00021 Inc, STANDARD ,NORTH_AMERICA,user_21@enterprise21.com,2024-09-05
22,Customer 00022 Inc,silver,EMEA,user_22@enterprise22.com,2024-06-07
23,Customer 00023 Inc,gold,APAC,user_23@enterprise23.com,2024-05-17
24,Customer 00024 Inc,platinum,LATAM,user_24@enterprise24.com,2024-11-19
25,Customer 00025 Inc, STANDARD ,NORTH_AMERICA,user_25@enterprise25.com,2024-09-30
26,Customer 00026 Inc,Silver,EMEA,user_26@enterprise26.com,2024-04-28
27,Customer 00027 Inc,Gold ,APAC,user_27@enterprise27.com,2024-11-16
28,Customer 00028 Inc,platinum,LATAM,user_28@enterprise28.com,2024-04-27
29,Customer 00029 Inc,standard,NORTH_AMERICA,user_29@enterprise29.com,2024-03-14
30,Customer 00030 Inc,Silver,EMEA,user_30@enterprise30.com,2024-12-05
31,Customer 00031 Inc,Gold ,APAC,user_31@enterprise31.com,2024-11-19
32, Customer 00032 Inc ,platinum,LATAM,user_32@enterprise32.com,2024-09-22
33, Customer 00033 Inc , STANDARD ,NORTH_AMERICA,user_33@enterprise33.com,2024-01-27
34,Customer 00034 Inc,silver,EMEA,user_34@enterprise34.com,2024-09-12
35,Customer 00035 Inc,Gold ,APAC,user_35@enterprise35.com,2024-07-29
36,Customer 00036 Inc,PLATINUM,LATAM,user_36@enterprise36.com,2024-10-21
37,Customer 00037 Inc,standard,NORTH_AMERICA,user_37@enterprise37.com,2024-10-21
38,Customer 00038 Inc,SILVER,EMEA,user_38@enterprise38.com,2024-06-05
39,Customer 00039 Inc, GOLD,APAC,user_39@enterprise39.com,2024-01-19
40,Customer 00040 Inc,Platinum,LATAM,user_40@enterprise0.com,2024-06-03
41,Customer 00041 Inc,Standard,NORTH_AMERICA,user_41@enterprise1.com,2024-06-03
42,Customer 00042 Inc,Silver,EMEA,user_42@enterprise2.com,2024-06-22
43, Customer 00043 Inc , GOLD,APAC,user_43@enterprise3.com,2024-06-26
44,Customer 00044 Inc,Platinum,LATAM,user_44@enterprise4.com,2024-02-21
45,Customer 00045 Inc,STANDARD,NORTH_AMERICA,user_45@enterprise5.com,2024-04-24
46, Customer 00046 Inc ,SILVER,EMEA,user_46@enterprise6.com,2024-09-26
47,Customer 00047 Inc,GOLD,APAC,user_47@enterprise7.com,2024-11-15
48,Customer 00048 Inc, PLATINUM ,LATAM,user_48@enterprise8.com,2024-12-19
49,Customer 00049 Inc,standard,NORTH_AMERICA,user_49@enterprise9.com,2024-06-14
50,Customer 00050 Inc,SILVER,EMEA,user_50@enterprise10.com,2024-06-12
51,Customer 00051 Inc,GOLD,APAC,user_51@enterprise11.com,2024-01-01
52,Customer 00052 Inc,Platinum,LATAM,user_52@enterprise12.com,2024-09-21
53, Customer 00053 Inc ,Standard,NORTH_AMERICA,user_53@enterprise13.com,2024-10-05
54,Customer 00054 Inc, SILVER,EMEA,user_54@enterprise14.com,2024-01-07
55, Customer 00055 Inc ,Gold ,APAC,user_55@enterprise15.com,2024-01-11
56,Customer 00056 Inc, PLATINUM ,LATAM,user_56@enterprise16.com,2024-08-10
57,Customer 00057 Inc,Standard,NORTH_AMERICA,user_57@enterprise17.com,2024-12-22
58, Customer 00058 Inc ,silver,EMEA,user_58@enterprise18.com,2024-02-08
59, Customer 00059 Inc ,Gold ,APAC,user_59@enterprise19.com,2024-10-03
60, Customer 00060 Inc , PLATINUM ,LATAM,user_60@enterprise20.com,2024-12-02
61, Customer 00061 Inc ,standard,NORTH_AMERICA,user_61@enterprise21.com,2024-06-12
62,Customer 00062 Inc,Silver,EMEA,user_62@enterprise22.com,2024-04-19
63,Customer 00063 Inc, GOLD,APAC,user_63@enterprise23.com,2024-02-27
64,Customer 00064 Inc,platinum,LATAM,user_64@enterprise24.com,2024-11-13
65,Customer 00065 Inc,standard,NORTH_AMERICA,user_65@enterprise25.com,2024-11-23
66,Customer 00066 Inc,SILVER,EMEA,user_66@enterprise26.com,2024-01-20
67,Customer 00067 Inc, GOLD,APAC,user_67@enterprise27.com,2024-02-12
68,Customer 00068 Inc,PLATINUM,LATAM,user_68@enterprise28.com,2024-11-17
69,Customer 00069 Inc,standard,NORTH_AMERICA,user_69@enterprise29.com,2024-11-16
70,Customer 00070 Inc, SILVER,EMEA,user_70@enterprise30.com,2024-01-05
71,Customer 00071 Inc,Gold ,APAC,user_71@enterprise31.com,2024-04-29
72,Customer 00072 Inc,PLATINUM,LATAM,user_72@enterprise32.com,2024-09-01
73,Customer 00073 Inc,STANDARD,NORTH_AMERICA,user_73@enterprise33.com,2024-03-16
74,Customer 00074 Inc,silver,EMEA,user_74@enterprise34.com,2024-08-11
75,Customer 00075 Inc,GOLD,APAC,user_75@enterprise35.com,2024-02-15
76,Customer 00076 Inc,platinum,LATAM,,2024-04-23
77,Customer 00077 Inc,standard,NORTH_AMERICA,user_77@enterprise37.com,2024-12-21
78,Customer 00078 Inc,silver,EMEA,user_78@enterprise38.com,2024-12-16
79,Customer 00079 Inc, GOLD,APAC,user_79@enterprise39.com,2024-04-18
80,Customer 00080 Inc,Platinum,LATAM,user_80@enterprise0.com,2024-06-09
81,Customer 00081 Inc,Standard,NORTH_AMERICA,user_81@enterprise1.com,2024-01-15
82,Customer 00082 Inc, SILVER,EMEA,user_82@enterprise2.com,2024-02-19
83,Customer 00083 Inc,GOLD,APAC,user_83@enterprise3.com,2024-02-07
84,Customer 00084 Inc,Platinum,LATAM,user_84@enterprise4.com,2024-11-18
85,Customer 00085 Inc,Standard,NORTH_AMERICA,user_85@enterprise5.com,2024-04-14
86,Customer 00086 Inc,silver,EMEA,user_86@enterprise6.com,2024-12-07
87,Customer 00087 Inc,GOLD,APAC,user_87@enterprise7.com,2024-05-05
88,Customer 00088 Inc,Platinum,LATAM,user_88@enterprise8.com,2024-05-11
89,Customer 00089 Inc,standard,NORTH_AMERICA,user_89@enterprise9.com,2024-08-14
90, Customer 00090 Inc ,silver,EMEA,user_90@enterprise10.com,2024-02-11
91,Customer 00091 Inc, GOLD,APAC,user_91@enterprise11.com,2024-01-28
92,Customer 00092 Inc,Platinum,LATAM,,2024-09-13
93,Customer 00093 Inc,STANDARD,NORTH_AMERICA,user_93@enterprise13.com,2024-07-18
94,Customer 00094 Inc,silver,EMEA,user_94@enterprise14.com,2024-12-01
95, Customer 00095 Inc ,Gold ,APAC,user_95@enterprise15.com,2024-10-01
96,Customer 00096 Inc,PLATINUM,LATAM,user_96@enterprise16.com,2024-03-31
97,Customer 00097 Inc,standard,NORTH_AMERICA,user_97@enterprise17.com,2024-06-13
98,Customer 00098 Inc,SILVER,EMEA,user_98@enterprise18.com,2024-10-06
99,Customer 00099 Inc,gold,APAC,user_99@enterprise19.com,2024-03-11
100,Customer 00100 Inc,Platinum,LATAM,user_100@enterprise20.com,2024-10-14
101,Customer 00101 Inc,standard,NORTH_AMERICA,user_101@enterprise21.com,2024-12-10
102,Customer 00102 Inc,Silver,EMEA,user_102@enterprise22.com,2024-11-05
103,Customer 00103 Inc,gold,APAC,user_103@enterprise23.com,2024-05-02
104,Customer 00104 Inc,platinum,LATAM,user_104@enterprise24.com,2024-07-07
105,Customer 00105 Inc, STANDARD ,NORTH_AMERICA,user_105@enterprise25.com,2024-04-12
106,Customer 00106 Inc, SILVER,EMEA,user_106@enterprise26.com,2024-11-30
107,Customer 00107 Inc,GOLD,APAC,user_107@enterprise27.com,2024-09-16
108,Customer 00108 Inc,platinum,LATAM,user_108@enterprise28.com,2024-04-14
109,Customer 00109 Inc,Standard,NORTH_AMERICA,user_109@enterprise29.com,2024-05-22
110,Customer 00110 Inc,silver,EMEA,user_110@enterprise30.com,2024-03-05
111,Customer 00111 Inc,GOLD,APAC,user_111@enterprise31.com,2024-08-10
112, Customer 00112 Inc ,platinum,LATAM,user_112@enterprise32.com,2024-08-23
113,Customer 00113 Inc,Standard,NORTH_AMERICA,user_113@enterprise33.com,2024-05-19
114,Customer 00114 Inc,silver,EMEA,user_114@enterprise34.com,2024-05-18
115,Customer 00115 Inc,Gold ,APAC,user_115@enterprise35.com,2024-03-06
116,Customer 00116 Inc,Platinum,LATAM,user_116@enterprise36.com,2024-05-31
117,Customer 00117 Inc,Standard,NORTH_AMERICA,user_117@enterprise37.com,2024-11-06
118,Customer 00118 Inc, SILVER,EMEA,,2024-05-15
119,Customer 00119 Inc,Gold ,APAC,user_119@enterprise39.com,2024-09-15
120, Customer 00120 Inc ,platinum,LATAM,user_120@enterprise0.com,2024-11-08
121,Customer 00121 Inc,STANDARD,NORTH_AMERICA,user_121@enterprise1.com,2024-11-29
122,Customer 00122 Inc, SILVER,EMEA,user_122@enterprise2.com,2024-10-22
123,Customer 00123 Inc,gold,APAC,user_123@enterprise3.com,2024-11-03
124,Customer 00124 Inc,Platinum,LATAM,user_124@enterprise4.com,2024-01-08
125,Customer 00125 Inc,Standard,NORTH_AMERICA,user_125@enterprise5.com,2024-01-20
126,Customer 00126 Inc,silver,EMEA,user_126@enterprise6.com,2024-05-08
127,Customer 00127 Inc,Gold ,APAC,user_127@enterprise7.com,2024-05-29
128, Customer 00128 Inc ,PLATINUM,LATAM,user_128@enterprise8.com,2024-06-06
129,Customer 00129 Inc,Standard,NORTH_AMERICA,user_129@enterprise9.com,2024-02-24
130,Customer 00130 Inc,SILVER,EMEA,user_130@enterprise10.com,2024-09-19
131,Customer 00131 Inc,gold,APAC,user_131@enterprise11.com,2024-08-21
132,Customer 00132 Inc,platinum,LATAM,user_132@enterprise12.com,2024-12-14
133,Customer 00133 Inc,standard,NORTH_AMERICA,,2024-04-20
134,Customer 00134 Inc, SILVER,EMEA,user_134@enterprise14.com,2024-03-08
135,Customer 00135 Inc,gold,APAC,user_135@enterprise15.com,2024-11-21
136,Customer 00136 Inc,Platinum,LATAM,user_136@enterprise16.com,2024-02-26
137,Customer 00137 Inc,standard,NORTH_AMERICA,user_137@enterprise17.com,2024-09-28
138,Customer 00138 Inc, SILVER,EMEA,user_138@enterprise18.com,2024-06-13
139, Customer 00139 Inc ,GOLD,APAC,user_139@enterprise19.com,2024-12-26
140,Customer 00140 Inc,platinum,LATAM,user_140@enterprise20.com,2024-02-13
141,Customer 00141 Inc,STANDARD,NORTH_AMERICA,user_141@enterprise21.com,2024-06-12
142,Customer 00142 Inc,silver,EMEA,user_142@enterprise22.com,2024-08-21
143,Customer 00143 Inc, GOLD,APAC,user_143@enterprise23.com,2024-06-18
144, Customer 00144 Inc ,PLATINUM,LATAM,user_144@enterprise24.com,2024-01-22
145,Customer 00145 Inc,standard,NORTH_AMERICA,user_145@enterprise25.com,2024-01-23
146,Customer 00146 Inc,SILVER,EMEA,user_146@enterprise26.com,2024-01-03
147,Customer 00147 Inc,Gold ,APAC,user_147@enterprise27.com,2024-11-18
148, Customer 00148 Inc ,platinum,LATAM,user_148@enterprise28.com,2024-03-15
149,Customer 00149 Inc,standard,NORTH_AMERICA,user_149@enterprise29.com,2024-03-23
150,Customer 00150 Inc,Silver,EMEA,user_150@enterprise30.com,2024-02-15
151,Customer 00151 Inc,gold,APAC,user_151@enterprise31.com,2024-08-03
152,Customer 00152 Inc, PLATINUM ,LATAM,user_152@enterprise32.com,2024-07-18
153,Customer 00153 Inc, STANDARD ,NORTH_AMERICA,user_153@enterprise33.com,2024-01-04
154, Customer 00154 Inc ,silver,EMEA,user_154@enterprise34.com,2024-11-22
155, Customer 00155 Inc ,Gold ,APAC,user_155@enterprise35.com,2024-11-13
156,Customer 00156 Inc, PLATINUM ,LATAM,user_156@enterprise36.com,2024-09-24
157,Customer 00157 Inc,STANDARD,NORTH_AMERICA,user_157@enterprise37.com,2024-05-20
158,Customer 00158 Inc,silver,EMEA,user_158@enterprise38.com,2024-09-03
159,Customer 00159 Inc,Gold ,APAC,user_159@enterprise39.com,2024-06-13
160, Customer 00160 Inc ,PLATINUM,LATAM,user_160@enterprise0.com,2024-02-07
161,Customer 00161 Inc,STANDARD,NORTH_AMERICA,user_161@enterprise1.com,2024-01-30
162, Customer 00162 Inc ,Silver,EMEA,user_162@enterprise2.com,2024-05-23
163,Customer 00163 Inc,GOLD,APAC,user_163@enterprise3.com,2024-01-14
164,Customer 00164 Inc,PLATINUM,LATAM,,2024-08-12
165,Customer 00165 Inc,STANDARD,NORTH_AMERICA,user_165@enterprise5.com,2024-06-25
166,Customer 00166 Inc, SILVER,EMEA,user_166@enterprise6.com,2024-10-23
167, Customer 00167 Inc ,gold,APAC,user_167@enterprise7.com,2024-03-27
168,Customer 00168 Inc, PLATINUM ,LATAM,user_168@enterprise8.com,2024-03-21
169,Customer 00169 Inc,standard,NORTH_AMERICA,user_169@enterprise9.com,2024-11-16
170,Customer 00170 Inc,SILVER,EMEA,user_170@enterprise10.com,2024-06-05
171,Customer 00171 Inc,gold,APAC,user_171@enterprise11.com,2024-07-10
172,Customer 00172 Inc, PLATINUM ,LATAM,user_172@enterprise12.com,2024-01-07
173,Customer 00173 Inc,standard,NORTH_AMERICA,user_173@enterprise13.com,2024-06-16
174,Customer 00174 Inc, SILVER,EMEA,user_174@enterprise14.com,2024-06-16
175,Customer 00175 Inc,GOLD,APAC,user_175@enterprise15.com,2024-01-21
176,Customer 00176 Inc,Platinum,LATAM,user_176@enterprise16.com,2024-06-30
177,Customer 00177 Inc, STANDARD ,NORTH_AMERICA,user_177@enterprise17.com,2024-10-04
178,Customer 00178 Inc, SILVER,EMEA,user_178@enterprise18.com,2024-06-08
179,Customer 00179 Inc,gold,APAC,user_179@enterprise19.com,2024-03-15
180,Customer 00180 Inc,PLATINUM,LATAM,user_180@enterprise20.com,2024-07-02
181,Customer 00181 Inc,Standard,NORTH_AMERICA,user_181@enterprise21.com,2024-11-16
182,Customer 00182 Inc,Silver,EMEA,user_182@enterprise22.com,2024-10-14
183,Customer 00183 Inc, GOLD,APAC,user_183@enterprise23.com,2024-09-09
184,Customer 00184 Inc,PLATINUM,LATAM,user_184@enterprise24.com,2024-02-26
185,Customer 00185 Inc,Standard,NORTH_AMERICA,user_185@enterprise25.com,2024-12-26
186,Customer 00186 Inc,SILVER,EMEA,user_186@enterprise26.com,2024-10-02
187,Customer 00187 Inc,gold,APAC,user_187@enterprise27.com,2024-12-18
188,Customer 00188 Inc,platinum,LATAM,user_188@enterprise28.com,2024-12-09
189, Customer 00189 Inc ,Standard,NORTH_AMERICA,user_189@enterprise29.com,2024-12-02
190, Customer 00190 Inc ,SILVER,EMEA,user_190@enterprise30.com,2024-07-14
191,Customer 00191 Inc,Gold ,APAC,user_191@enterprise31.com,2024-04-14
192,Customer 00192 Inc,platinum,LATAM,user_192@enterprise32.com,2024-10-27
193,Customer 00193 Inc,STANDARD,NORTH_AMERICA,,2024-04-04
194,Customer 00194 Inc, SILVER,EMEA,user_194@enterprise34.com,2024-01-22
195,Customer 00195 Inc,gold,APAC,user_195@enterprise35.com,2024-08-13
196,Customer 00196 Inc,PLATINUM,LATAM,,2024-12-14
197, Customer 00197 Inc ,Standard,NORTH_AMERICA,user_197@enterprise37.com,2024-06-09
198,Customer 00198 Inc,SILVER,EMEA,user_198@enterprise38.com,2024-07-16
199,Customer 00199 Inc, GOLD,APAC,user_199@enterprise39.com,2024-06-09
200,Customer 00200 Inc,Platinum,LATAM,user_200@enterprise0.com,2024-06-14
201, Customer 00201 Inc ,STANDARD,NORTH_AMERICA,user_201@enterprise1.com,2024-03-25
202,Customer 00202 Inc,SILVER,EMEA,user_202@enterprise2.com,2024-03-03
203,Customer 00203 Inc,Gold ,APAC,user_203@enterprise3.com,2024-11-18
204,Customer 00204 Inc, PLATINUM ,LATAM,user_204@enterprise4.com,2024-05-22
205,Customer 00205 Inc, STANDARD ,NORTH_AMERICA,user_205@enterprise5.com,2024-01-07
206, Customer 00206 Inc ,Silver,EMEA,user_206@enterprise6.com,2024-10-11
207, Customer 00207 Inc ,GOLD,APAC,user_207@enterprise7.com,2024-11-16
208,Customer 00208 Inc, PLATINUM ,LATAM,user_208@enterprise8.com,2024-02-11
209,Customer 00209 Inc,standard,NORTH_AMERICA,user_209@enterprise9.com,2024-12-05
210,Customer 00210 Inc,SILVER,EMEA,user_210@enterprise10.com,2024-08-01
211,Customer 00211 Inc, GOLD,APAC,user_211@enterprise11.com,2024-05-22
212,Customer 00212 Inc,PLATINUM,LATAM,user_212@enterprise12.com,2024-04-20
213,Customer 00213 Inc,Standard,NORTH_AMERICA,user_213@enterprise13.com,2024-06-15
214,Customer 00214 Inc,silver,EMEA,user_214@enterprise14.com,2024-04-06
215,Customer 00215 Inc,GOLD,APAC,user_215@enterprise15.com,2024-02-08
216,Customer 00216 Inc,platinum,LATAM,user_216@enterprise16.com,2024-07-17
217,Customer 00217 Inc,STANDARD,NORTH_AMERICA,user_217@enterprise17.com,2024-05-12
218,Customer 00218 Inc, SILVER,EMEA,user_218@enterprise18.com,2024-12-24
219,Customer 00219 Inc,gold,APAC,user_219@enterprise19.com,2024-02-28
220,Customer 00220 Inc,platinum,LATAM,user_220@enterprise20.com,2024-02-06
221,Customer 00221 Inc,Standard,NORTH_AMERICA,user_221@enterprise21.com,2024-01-24
222,Customer 00222 Inc,SILVER,EMEA,user_222@enterprise22.com,2024-07-24
223,Customer 00223 Inc,gold,APAC,user_223@enterprise23.com,2024-02-09
224,Customer 00224 Inc,PLATINUM,LATAM,user_224@enterprise24.com,2024-04-28
225,Customer 00225 Inc,standard,NORTH_AMERICA,user_225@enterprise25.com,2024-09-23
226, Customer 00226 Inc ,Silver,EMEA,user_226@enterprise26.com,2024-07-25
227,Customer 00227 Inc,gold,APAC,user_227@enterprise27.com,2024-06-04
228,Customer 00228 Inc,platinum,LATAM,user_228@enterprise28.com,2024-06-22
229,Customer 00229 Inc,STANDARD,NORTH_AMERICA,user_229@enterprise29.com,2024-09-05
230, Customer 00230 Inc ,Silver,EMEA,user_230@enterprise30.com,2024-08-23
231,Customer 00231 Inc, GOLD,APAC,user_231@enterprise31.com,2024-12-16
232, Customer 00232 Inc ,PLATINUM,LATAM,user_232@enterprise32.com,2024-09-13
233, Customer 00233 Inc ,Standard,NORTH_AMERICA,user_233@enterprise33.com,2024-02-11
234,Customer 00234 Inc, SILVER,EMEA,user_234@enterprise34.com,2024-05-12
235, Customer 00235 Inc ,GOLD,APAC,user_235@enterprise35.com,2024-05-15
236,Customer 00236 Inc,PLATINUM,LATAM,user_236@enterprise36.com,2024-05-09
237,Customer 00237 Inc,STANDARD,NORTH_AMERICA,user_237@enterprise37.com,2024-08-20
238, Customer 00238 Inc ,Silver,EMEA,user_238@enterprise38.com,2024-11-30
239,Customer 00239 Inc,gold,APAC,user_239@enterprise39.com,2024-04-29
240,Customer 00240 Inc,Platinum,LATAM,user_240@enterprise0.com,2024-02-01
241,Customer 00241 Inc,Standard,NORTH_AMERICA,user_241@enterprise1.com,2024-03-09
242, Customer 00242 Inc ,silver,EMEA,user_242@enterprise2.com,2024-04-28
243,Customer 00243 Inc,GOLD,APAC,user_243@enterprise3.com,2024-09-09
244, Customer 00244 Inc ,PLATINUM,LATAM,user_244@enterprise4.com,2024-08-07
245,Customer 00245 Inc,Standard,NORTH_AMERICA,user_245@enterprise5.com,2024-01-30
246,Customer 00246 Inc,silver,EMEA,user_246@enterprise6.com,2024-06-19
247,Customer 00247 Inc,gold,APAC,user_247@enterprise7.com,2024-09-18
248,Customer 00248 Inc,Platinum,LATAM,user_248@enterprise8.com,2024-10-04
249,Customer 00249 Inc,STANDARD,NORTH_AMERICA,user_249@enterprise9.com,2024-11-09
250,Customer 00250 Inc,Silver,EMEA,user_250@enterprise10.com,2024-08-24
251,Customer 00251 Inc,Gold ,APAC,user_251@enterprise11.com,2024-06-21
252,Customer 00252 Inc,Platinum,LATAM,user_252@enterprise12.com,2024-11-09
253,Customer 00253 Inc,STANDARD,NORTH_AMERICA,,2024-06-16
254, Customer 00254 Inc , SILVER,EMEA,,2024-10-07
255,Customer 00255 Inc,gold,APAC,user_255@enterprise15.com,2024-09-16
256, Customer 00256 Inc ,platinum,LATAM,user_256@enterprise16.com,2024-02-06
257,Customer 00257 Inc,STANDARD,NORTH_AMERICA,user_257@enterprise17.com,2024-03-15
258,Customer 00258 Inc, SILVER,EMEA,user_258@enterprise18.com,2024-10-31
259,Customer 00259 Inc, GOLD,APAC,user_259@enterprise19.com,2024-10-10
260,Customer 00260 Inc, PLATINUM ,LATAM,user_260@enterprise20.com,2024-01-02
261,Customer 00261 Inc,STANDARD,NORTH_AMERICA,,2024-09-03
262,Customer 00262 Inc,Silver,EMEA,user_262@enterprise22.com,2024-08-26
263,Customer 00263 Inc, GOLD,APAC,user_263@enterprise23.com,2024-02-13
264,Customer 00264 Inc,Platinum,LATAM,user_264@enterprise24.com,2024-08-03
265,Customer 00265 Inc,Standard,NORTH_AMERICA,user_265@enterprise25.com,2024-06-13
266,Customer 00266 Inc,silver,EMEA,user_266@enterprise26.com,2024-12-09
267, Customer 00267 Inc ,gold,APAC,user_267@enterprise27.com,2024-12-26
268,Customer 00268 Inc,PLATINUM,LATAM,user_268@enterprise28.com,2024-08-04
269,Customer 00269 Inc,Standard,NORTH_AMERICA,user_269@enterprise29.com,2024-03-15
270,Customer 00270 Inc,SILVER,EMEA,user_270@enterprise30.com,2024-07-16
271,Customer 00271 Inc,Gold ,APAC,user_271@enterprise31.com,2024-08-18
272,Customer 00272 Inc,PLATINUM,LATAM,user_272@enterprise32.com,2024-10-27
273, Customer 00273 Inc ,STANDARD,NORTH_AMERICA,user_273@enterprise33.com,2024-10-26
274,Customer 00274 Inc,silver,EMEA,user_274@enterprise34.com,2024-02-27
275, Customer 00275 Inc , GOLD,APAC,user_275@enterprise35.com,2024-07-29
276,Customer 00276 Inc,PLATINUM,LATAM,user_276@enterprise36.com,2024-05-04
277,Customer 00277 Inc,Standard,NORTH_AMERICA,user_277@enterprise37.com,2024-02-02
278,Customer 00278 Inc,Silver,EMEA,user_278@enterprise38.com,2024-04-05
279, Customer 00279 Inc ,GOLD,APAC,user_279@enterprise39.com,2024-06-14
280, Customer 00280 Inc ,platinum,LATAM,user_280@enterprise0.com,2024-11-10
281, Customer 00281 Inc ,Standard,NORTH_AMERICA,user_281@enterprise1.com,2024-12-19
282,Customer 00282 Inc,SILVER,EMEA,user_282@enterprise2.com,2024-08-23
283,Customer 00283 Inc,Gold ,APAC,user_283@enterprise3.com,2024-09-17
284, Customer 00284 Inc ,platinum,LATAM,user_284@enterprise4.com,2024-02-16
285,Customer 00285 Inc,standard,NORTH_AMERICA,user_285@enterprise5.com,2024-10-31
286,Customer 00286 Inc, SILVER,EMEA,user_286@enterprise6.com,2024-09-21
287,Customer 00287 Inc,gold,APAC,user_287@enterprise7.com,2024-08-29
288,Customer 00288 Inc,PLATINUM,LATAM,user_288@enterprise8.com,2024-03-22
289, Customer 00289 Inc ,Standard,NORTH_AMERICA,user_289@enterprise9.com,2024-10-31
290,Customer 00290 Inc, SILVER,EMEA,user_290@enterprise10.com,2024-10-30
291,Customer 00291 Inc,GOLD,APAC,user_291@enterprise11.com,2024-01-24
292, Customer 00292 Inc , PLATINUM ,LATAM,user_292@enterprise12.com,2024-10-03
293,Customer 00293 Inc,standard,NORTH_AMERICA,user_293@enterprise13.com,2024-07-20
294,Customer 00294 Inc,Silver,EMEA,user_294@enterprise14.com,2024-03-03
295, Customer 00295 Inc ,Gold ,APAC,user_295@enterprise15.com,2024-04-03
296,Customer 00296 Inc,platinum,LATAM,user_296@enterprise16.com,2024-01-22
297, Customer 00297 Inc ,standard,NORTH_AMERICA,user_297@enterprise17.com,2024-09-26
298,Customer 00298 Inc, SILVER,EMEA,user_298@enterprise18.com,2024-11-21
299,Customer 00299 Inc,GOLD,APAC,user_299@enterprise19.com,2024-10-24
300, Customer 00300 Inc ,PLATINUM,LATAM,user_300@enterprise20.com,2024-05-22
301,Customer 00301 Inc,STANDARD,NORTH_AMERICA,user_301@enterprise21.com,2024-04-09
302,Customer 00302 Inc,SILVER,EMEA,user_302@enterprise22.com,2024-08-13
303, Customer 00303 Inc ,gold,APAC,user_303@enterprise23.com,2024-09-27
304,Customer 00304 Inc,PLATINUM,LATAM,user_304@enterprise24.com,2024-02-26
305,Customer 00305 Inc,Standard,NORTH_AMERICA,user_305@enterprise25.com,2024-09-09
306,Customer 00306 Inc,Silver,EMEA,user_306@enterprise26.com,2024-01-11
307,Customer 00307 Inc,gold,APAC,user_307@enterprise27.com,2024-12-23
308,Customer 00308 Inc,Platinum,LATAM,user_308@enterprise28.com,2024-06-07
309,Customer 00309 Inc, STANDARD ,NORTH_AMERICA,user_309@enterprise29.com,2024-01-27
310,Customer 00310 Inc,Silver,EMEA,user_310@enterprise30.com,2024-10-24
311,Customer 00311 Inc,GOLD,APAC,user_311@enterprise31.com,2024-09-03
312,Customer 00312 Inc,PLATINUM,LATAM,user_312@enterprise32.com,2024-10-12
313,Customer 00313 Inc,STANDARD,NORTH_AMERICA,user_313@enterprise33.com,2024-06-17
314,Customer 00314 Inc,silver,EMEA,,2024-02-24
315,Customer 00315 Inc,gold,APAC,user_315@enterprise35.com,2024-06-11
316,Customer 00316 Inc,platinum,LATAM,user_316@enterprise36.com,2024-10-30
317,Customer 00317 Inc, STANDARD ,NORTH_AMERICA,user_317@enterprise37.com,2024-01-19
318, Customer 00318 Inc , SILVER,EMEA,user_318@enterprise38.com,2024-04-16
319,Customer 00319 Inc,GOLD,APAC,user_319@enterprise39.com,2024-04-03
320,Customer 00320 Inc, PLATINUM ,LATAM,user_320@enterprise0.com,2024-10-17
321,Customer 00321 Inc,standard,NORTH_AMERICA,user_321@enterprise1.com,2024-01-17
322,Customer 00322 Inc, SILVER,EMEA,user_322@enterprise2.com,2024-11-26
323,Customer 00323 Inc,Gold ,APAC,user_323@enterprise3.com,2024-01-01
324, Customer 00324 Inc , PLATINUM ,LATAM,user_324@enterprise4.com,2024-12-12
325, Customer 00325 Inc ,Standard,NORTH_AMERICA,user_325@enterprise5.com,2024-02-14
326,Customer 00326 Inc,Silver,EMEA,user_326@enterprise6.com,2024-10-30
327,Customer 00327 Inc,GOLD,APAC,user_327@enterprise7.com,2024-03-08
328,Customer 00328 Inc, PLATINUM ,LATAM,user_328@enterprise8.com,2024-03-05
329,Customer 00329 Inc, STANDARD ,NORTH_AMERICA,user_329@enterprise9.com,2024-03-19
330,Customer 00330 Inc,silver,EMEA,user_330@enterprise10.com,2024-04-11
331, Customer 00331 Inc , GOLD,APAC,user_331@enterprise11.com,2024-05-12
332, Customer 00332 Inc , PLATINUM ,LATAM,user_332@enterprise12.com,2024-09-10
333,Customer 00333 Inc,Standard,NORTH_AMERICA,user_333@enterprise13.com,2024-07-02
334, Customer 00334 Inc ,silver,EMEA,user_334@enterprise14.com,2024-11-03
335,Customer 00335 Inc,gold,APAC,user_335@enterprise15.com,2024-08-10
336,Customer 00336 Inc,PLATINUM,LATAM,user_336@enterprise16.com,2024-03-18
337,Customer 00337 Inc,Standard,NORTH_AMERICA,user_337@enterprise17.com,2024-04-04
338,Customer 00338 Inc, SILVER,EMEA,user_338@enterprise18.com,2024-08-31
339, Customer 00339 Inc ,GOLD,APAC,user_339@enterprise19.com,2024-10-18
340, Customer 00340 Inc ,Platinum,LATAM,user_340@enterprise20.com,2024-06-03
341, Customer 00341 Inc , STANDARD ,NORTH_AMERICA,user_341@enterprise21.com,2024-02-20
342,Customer 00342 Inc, SILVER,EMEA,user_342@enterprise22.com,2024-02-07
343,Customer 00343 Inc,gold,APAC,user_343@enterprise23.com,2024-06-15
344,Customer 00344 Inc,PLATINUM,LATAM,user_344@enterprise24.com,2024-05-20
345,Customer 00345 Inc, STANDARD ,NORTH_AMERICA,user_345@enterprise25.com,2024-09-14
346,Customer 00346 Inc,SILVER,EMEA,user_346@enterprise26.com,2024-02-19
347,Customer 00347 Inc,Gold ,APAC,user_347@enterprise27.com,2024-11-20
348, Customer 00348 Inc ,platinum,LATAM,user_348@enterprise28.com,2024-12-15
349,Customer 00349 Inc,standard,NORTH_AMERICA,user_349@enterprise29.com,2024-08-29
350,Customer 00350 Inc,SILVER,EMEA,user_350@enterprise30.com,2024-08-21
351,Customer 00351 Inc,GOLD,APAC,user_351@enterprise31.com,2024-07-14
352,Customer 00352 Inc,Platinum,LATAM,user_352@enterprise32.com,2024-05-05
353,Customer 00353 Inc,Standard,NORTH_AMERICA,user_353@enterprise33.com,2024-08-10
354,Customer 00354 Inc,Silver,EMEA,user_354@enterprise34.com,2024-04-04
355, Customer 00355 Inc ,GOLD,APAC,user_355@enterprise35.com,2024-04-18
356, Customer 00356 Inc ,PLATINUM,LATAM,user_356@enterprise36.com,2024-05-08
357,Customer 00357 Inc,Standard,NORTH_AMERICA,user_357@enterprise37.com,2024-06-05
358,Customer 00358 Inc,Silver,EMEA,user_358@enterprise38.com,2024-08-02
359,Customer 00359 Inc,Gold ,APAC,user_359@enterprise39.com,2024-04-17
360,Customer 00360 Inc,PLATINUM,LATAM,user_360@enterprise0.com,2024-07-16
361,Customer 00361 Inc, STANDARD ,NORTH_AMERICA,user_361@enterprise1.com,2024-06-25
362,Customer 00362 Inc,Silver,EMEA,user_362@enterprise2.com,2024-06-03
363,Customer 00363 Inc,GOLD,APAC,user_363@enterprise3.com,2024-05-07
364,Customer 00364 Inc, PLATINUM ,LATAM,user_364@enterprise4.com,2024-08-08
365,Customer 00365 Inc, STANDARD ,NORTH_AMERICA,user_365@enterprise5.com,2024-04-12
366,Customer 00366 Inc,silver,EMEA,user_366@enterprise6.com,2024-01-29
367, Customer 00367 Inc ,GOLD,APAC,user_367@enterprise7.com,2024-05-12
368,Customer 00368 Inc,Platinum,LATAM,user_368@enterprise8.com,2024-05-10
369,Customer 00369 Inc,standard,NORTH_AMERICA,user_369@enterprise9.com,2024-12-10
370,Customer 00370 Inc,silver,EMEA,user_370@enterprise10.com,2024-02-01
371,Customer 00371 Inc,Gold ,APAC,user_371@enterprise11.com,2024-12-09
372,Customer 00372 Inc,PLATINUM,LATAM,user_372@enterprise12.com,2024-03-16
373,Customer 00373 Inc,STANDARD,NORTH_AMERICA,user_373@enterprise13.com,2024-09-02
374,Customer 00374 Inc, SILVER,EMEA,,2024-09-01
375,Customer 00375 Inc, GOLD,APAC,user_375@enterprise15.com,2024-09-03
376,Customer 00376 Inc,PLATINUM,LATAM,user_376@enterprise16.com,2024-04-25
377, Customer 00377 Inc ,STANDARD,NORTH_AMERICA,user_377@enterprise17.com,2024-01-15
378, Customer 00378 Inc , SILVER,EMEA,user_378@enterprise18.com,2024-01-25
379, Customer 00379 Inc , GOLD,APAC,user_379@enterprise19.com,2024-03-07
380,Customer 00380 Inc,PLATINUM,LATAM,user_380@enterprise20.com,2024-07-08
381,Customer 00381 Inc,standard,NORTH_AMERICA,,2024-02-18
382,Customer 00382 Inc, SILVER,EMEA,user_382@enterprise22.com,2024-07-31
383,Customer 00383 Inc, GOLD,APAC,user_383@enterprise23.com,2024-04-26
384,Customer 00384 Inc,platinum,LATAM,user_384@enterprise24.com,2024-05-08
385,Customer 00385 Inc, STANDARD ,NORTH_AMERICA,user_385@enterprise25.com,2024-09-22
386,Customer 00386 Inc,Silver,EMEA,user_386@enterprise26.com,2024-12-01
387,Customer 00387 Inc,GOLD,APAC,user_387@enterprise27.com,2024-05-23
388,Customer 00388 Inc,Platinum,LATAM,user_388@enterprise28.com,2024-02-18
389, Customer 00389 Inc , STANDARD ,NORTH_AMERICA,user_389@enterprise29.com,2024-03-16
390, Customer 00390 Inc ,Silver,EMEA,user_390@enterprise30.com,2024-04-20
391,Customer 00391 Inc,GOLD,APAC,user_391@enterprise31.com,2024-05-10
392,Customer 00392 Inc,Platinum,LATAM,user_392@enterprise32.com,2024-06-07
393,Customer 00393 Inc,standard,NORTH_AMERICA,user_393@enterprise33.com,2024-06-05
394,Customer 00394 Inc,SILVER,EMEA,user_394@enterprise34.com,2024-10-25
395, Customer 00395 Inc ,gold,APAC,user_395@enterprise35.com,2024-07-08
396,Customer 00396 Inc,PLATINUM,LATAM,user_396@enterprise36.com,2024-01-19
397,Customer 00397 Inc,STANDARD,NORTH_AMERICA,user_397@enterprise37.com,2024-02-05
398,Customer 00398 Inc,silver,EMEA,user_398@enterprise38.com,2024-02-21
399,Customer 00399 Inc,gold,APAC,user_399@enterprise39.com,2024-03-29
400,Customer 00400 Inc, PLATINUM ,LATAM,user_400@enterprise0.com,2024-01-14
401, Customer 00401 Inc ,STANDARD,NORTH_AMERICA,user_401@enterprise1.com,2024-08-28
402,Customer 00402 Inc, SILVER,EMEA,user_402@enterprise2.com,2024-03-03
403, Customer 00403 Inc ,gold,APAC,user_403@enterprise3.com,2024-07-30
404,Customer 00404 Inc,platinum,LATAM,user_404@enterprise4.com,2024-11-03
405, Customer 00405 Inc ,standard,NORTH_AMERICA,user_405@enterprise5.com,2024-03-25
406,Customer 00406 Inc,silver,EMEA,user_406@enterprise6.com,2024-04-17
407,Customer 00407 Inc,Gold ,APAC,user_407@enterprise7.com,2024-09-06
408,Customer 00408 Inc,platinum,LATAM,user_408@enterprise8.com,2024-03-27
409,Customer 00409 Inc,STANDARD,NORTH_AMERICA,user_409@enterprise9.com,2024-06-23
410,Customer 00410 Inc,SILVER,EMEA,user_410@enterprise10.com,2024-03-21
411,Customer 00411 Inc, GOLD,APAC,user_411@enterprise11.com,2024-06-04
412,Customer 00412 Inc, PLATINUM ,LATAM,user_412@enterprise12.com,2024-09-09
413,Customer 00413 Inc,standard,NORTH_AMERICA,user_413@enterprise13.com,2024-08-30
414,Customer 00414 Inc,Silver,EMEA,user_414@enterprise14.com,2024-12-18
415,Customer 00415 Inc, GOLD,APAC,user_415@enterprise15.com,2024-02-19
416,Customer 00416 Inc,Platinum,LATAM,user_416@enterprise16.com,2024-11-18
417, Customer 00417 Inc ,STANDARD,NORTH_AMERICA,user_417@enterprise17.com,2024-12-06
418,Customer 00418 Inc, SILVER,EMEA,user_418@enterprise18.com,2024-01-25
419,Customer 00419 Inc,GOLD,APAC,user_419@enterprise19.com,2024-06-05
420, Customer 00420 Inc ,platinum,LATAM,user_420@enterprise20.com,2024-05-30
421,Customer 00421 Inc,standard,NORTH_AMERICA,user_421@enterprise21.com,2024-03-13
422,Customer 00422 Inc,silver,EMEA,user_422@enterprise22.com,2024-11-15
423,Customer 00423 Inc,GOLD,APAC,user_423@enterprise23.com,2024-08-05
424,Customer 00424 Inc, PLATINUM ,LATAM,user_424@enterprise24.com,2024-04-29
425, Customer 00425 Inc ,STANDARD,NORTH_AMERICA,user_425@enterprise25.com,2024-09-16
426,Customer 00426 Inc,Silver,EMEA,user_426@enterprise26.com,2024-10-02
427,Customer 00427 Inc,Gold ,APAC,user_427@enterprise27.com,2024-02-15
428,Customer 00428 Inc,Platinum,LATAM,user_428@enterprise28.com,2024-10-31
429,Customer 00429 Inc,Standard,NORTH_AMERICA,user_429@enterprise29.com,2024-05-21
430,Customer 00430 Inc,silver,EMEA,user_430@enterprise30.com,2024-09-04
431,Customer 00431 Inc,gold,APAC,user_431@enterprise31.com,2024-11-11
432,Customer 00432 Inc,PLATINUM,LATAM,user_432@enterprise32.com,2024-11-18
433,Customer 00433 Inc,standard,NORTH_AMERICA,user_433@enterprise33.com,2024-01-17
434,Customer 00434 Inc,silver,EMEA,user_434@enterprise34.com,2024-02-03
435,Customer 00435 Inc, GOLD,APAC,user_435@enterprise35.com,2024-08-04
436,Customer 00436 Inc, PLATINUM ,LATAM,user_436@enterprise36.com,2024-04-15
437, Customer 00437 Inc ,standard,NORTH_AMERICA,user_437@enterprise37.com,2024-02-06
438, Customer 00438 Inc , SILVER,EMEA,user_438@enterprise38.com,2024-06-14
439,Customer 00439 Inc,Gold ,APAC,user_439@enterprise39.com,2024-01-21
440, Customer 00440 Inc ,platinum,LATAM,user_440@enterprise0.com,2024-02-20
441,Customer 00441 Inc,standard,NORTH_AMERICA,user_441@enterprise1.com,2024-02-02
442,Customer 00442 Inc, SILVER,EMEA,user_442@enterprise2.com,2024-04-23
443, Customer 00443 Inc ,GOLD,APAC,user_443@enterprise3.com,2024-09-30
444,Customer 00444 Inc, PLATINUM ,LATAM,user_444@enterprise4.com,2024-05-27
445,Customer 00445 Inc,STANDARD,NORTH_AMERICA,user_445@enterprise5.com,2024-02-27
446, Customer 00446 Inc ,silver,EMEA,user_446@enterprise6.com,2024-08-18
447,Customer 00447 Inc,GOLD,APAC,user_447@enterprise7.com,2024-11-19
448,Customer 00448 Inc,PLATINUM,LATAM,user_448@enterprise8.com,2024-10-08
449,Customer 00449 Inc,Standard,NORTH_AMERICA,user_449@enterprise9.com,2024-04-29
450,Customer 00450 Inc,Silver,EMEA,user_450@enterprise10.com,2024-04-05
451,Customer 00451 Inc,GOLD,APAC,user_451@enterprise11.com,2024-07-02
452,Customer 00452 Inc,platinum,LATAM,user_452@enterprise12.com,2024-02-08
453, Customer 00453 Inc ,STANDARD,NORTH_AMERICA,user_453@enterprise13.com,2024-12-10
454,Customer 00454 Inc, SILVER,EMEA,user_454@enterprise14.com,2024-08-11
455,Customer 00455 Inc,GOLD,APAC,user_455@enterprise15.com,2024-07-18
456,Customer 00456 Inc,PLATINUM,LATAM,user_456@enterprise16.com,2024-10-05
457, Customer 00457 Inc ,standard,NORTH_AMERICA,user_457@enterprise17.com,2024-04-11
458, Customer 00458 Inc ,Silver,EMEA,user_458@enterprise18.com,2024-08-15
459,Customer 00459 Inc,Gold ,APAC,user_459@enterprise19.com,2024-04-12
460, Customer 00460 Inc ,Platinum,LATAM,user_460@enterprise20.com,2024-05-07
461,Customer 00461 Inc, STANDARD ,NORTH_AMERICA,user_461@enterprise21.com,2024-03-13
462,Customer 00462 Inc, SILVER,EMEA,user_462@enterprise22.com,2024-04-24
463,Customer 00463 Inc,GOLD,APAC,user_463@enterprise23.com,2024-08-24
464,Customer 00464 Inc,PLATINUM,LATAM,user_464@enterprise24.com,2024-02-05
465, Customer 00465 Inc , STANDARD ,NORTH_AMERICA,user_465@enterprise25.com,2024-07-06
466,Customer 00466 Inc,Silver,EMEA,user_466@enterprise26.com,2024-06-15
467,Customer 00467 Inc, GOLD,APAC,user_467@enterprise27.com,2024-08-13
468, Customer 00468 Inc , PLATINUM ,LATAM,user_468@enterprise28.com,2024-01-25
469, Customer 00469 Inc , STANDARD ,NORTH_AMERICA,user_469@enterprise29.com,2024-06-26
470,Customer 00470 Inc,SILVER,EMEA,user_470@enterprise30.com,2024-07-22
471, Customer 00471 Inc ,Gold ,APAC,user_471@enterprise31.com,2024-02-12
472,Customer 00472 Inc,Platinum,LATAM,user_472@enterprise32.com,2024-09-26
473,Customer 00473 Inc, STANDARD ,NORTH_AMERICA,user_473@enterprise33.com,2024-04-25
474,Customer 00474 Inc, SILVER,EMEA,user_474@enterprise34.com,2024-03-16
475,Customer 00475 Inc,Gold ,APAC,user_475@enterprise35.com,2024-12-21
476,Customer 00476 Inc,Platinum,LATAM,user_476@enterprise36.com,2024-01-03
477,Customer 00477 Inc,STANDARD,NORTH_AMERICA,user_477@enterprise37.com,2024-08-06
478,Customer 00478 Inc,silver,EMEA,user_478@enterprise38.com,2024-08-28
479,Customer 00479 Inc, GOLD,APAC,user_479@enterprise39.com,2024-12-03
480, Customer 00480 Inc , PLATINUM ,LATAM,user_480@enterprise0.com,2024-08-18
481,Customer 00481 Inc,STANDARD,NORTH_AMERICA,user_481@enterprise1.com,2024-07-06
482,Customer 00482 Inc,silver,EMEA,user_482@enterprise2.com,2024-01-19
483,Customer 00483 Inc,GOLD,APAC,user_483@enterprise3.com,2024-03-29
484,Customer 00484 Inc, PLATINUM ,LATAM,user_484@enterprise4.com,2024-07-18
485,Customer 00485 Inc,STANDARD,NORTH_AMERICA,user_485@enterprise5.com,2024-09-12
486,Customer 00486 Inc,SILVER,EMEA,user_486@enterprise6.com,2024-09-15
487,Customer 00487 Inc, GOLD,APAC,user_487@enterprise7.com,2024-08-29
488,Customer 00488 Inc,PLATINUM,LATAM,user_488@enterprise8.com,2024-03-15
489,Customer 00489 Inc,STANDARD,NORTH_AMERICA,user_489@enterprise9.com,2024-02-12
490, Customer 00490 Inc ,silver,EMEA,user_490@enterprise10.com,2024-11-07
491, Customer 00491 Inc ,gold,APAC,user_491@enterprise11.com,2024-08-15
492,Customer 00492 Inc,PLATINUM,LATAM,user_492@enterprise12.com,2024-05-15
493,Customer 00493 Inc,Standard,NORTH_AMERICA,user_493@enterprise13.com,2024-05-15
494,Customer 00494 Inc,SILVER,EMEA,user_494@enterprise14.com,2024-02-20
495,Customer 00495 Inc,GOLD,APAC,user_495@enterprise15.com,2024-06-04
496, Customer 00496 Inc ,Platinum,LATAM,user_496@enterprise16.com,2024-10-01
497, Customer 00497 Inc ,standard,NORTH_AMERICA,user_497@enterprise17.com,2024-07-08
498,Customer 00498 Inc,SILVER,EMEA,user_498@enterprise18.com,2024-04-28
499,Customer 00499 Inc,gold,APAC,user_499@enterprise19.com,2024-09-02
500,Customer 00500 Inc, PLATINUM ,LATAM,user_500@enterprise20.com,2024-03-17
501, Customer 00501 Inc ,standard,NORTH_AMERICA,user_501@enterprise21.com,2024-04-24
502, Customer 00502 Inc ,silver,EMEA,user_502@enterprise22.com,2024-12-05
503,Customer 00503 Inc,Gold ,APAC,user_503@enterprise23.com,2024-06-28
504, Customer 00504 Inc , PLATINUM ,LATAM,user_504@enterprise24.com,2024-07-01
505, Customer 00505 Inc ,standard,NORTH_AMERICA,user_505@enterprise25.com,2024-09-04
506, Customer 00506 Inc ,silver,EMEA,user_506@enterprise26.com,2024-05-24
507,Customer 00507 Inc,gold,APAC,user_507@enterprise27.com,2024-04-21
508,Customer 00508 Inc, PLATINUM ,LATAM,user_508@enterprise28.com,2024-05-30
509,Customer 00509 Inc, STANDARD ,NORTH_AMERICA,user_509@enterprise29.com,2024-03-25
510,Customer 00510 Inc, SILVER,EMEA,user_510@enterprise30.com,2024-07-13
511,Customer 00511 Inc,Gold ,APAC,user_511@enterprise31.com,2024-10-02
512,Customer 00512 Inc,PLATINUM,LATAM,user_512@enterprise32.com,2024-05-18
513,Customer 00513 Inc,standard,NORTH_AMERICA,,2024-07-20
514,Customer 00514 Inc,SILVER,EMEA,user_514@enterprise34.com,2024-05-07
515,Customer 00515 Inc,gold,APAC,user_515@enterprise35.com,2024-09-09
516,Customer 00516 Inc,platinum,LATAM,user_516@enterprise36.com,2024-07-13
517,Customer 00517 Inc,standard,NORTH_AMERICA,user_517@enterprise37.com,2024-12-05
518,Customer 00518 Inc, SILVER,EMEA,user_518@enterprise38.com,2024-04-12
519,Customer 00519 Inc,Gold ,APAC,user_519@enterprise39.com,2024-04-04
520,Customer 00520 Inc,platinum,LATAM,user_520@enterprise0.com,2024-07-28
521,Customer 00521 Inc,standard,NORTH_AMERICA,,2024-10-18
522,Customer 00522 Inc, SILVER,EMEA,user_522@enterprise2.com,2024-09-25
523,Customer 00523 Inc, GOLD,APAC,user_523@enterprise3.com,2024-11-30
524, Customer 00524 Inc ,platinum,LATAM,user_524@enterprise4.com,2024-12-12
525,Customer 00525 Inc,standard,NORTH_AMERICA,user_525@enterprise5.com,2024-03-26
526,Customer 00526 Inc,silver,EMEA,user_526@enterprise6.com,2024-01-16
527,Customer 00527 Inc,GOLD,APAC,user_527@enterprise7.com,2024-03-24
528,Customer 00528 Inc,Platinum,LATAM,user_528@enterprise8.com,2024-09-01
529,Customer 00529 Inc,STANDARD,NORTH_AMERICA,user_529@enterprise9.com,2024-11-23
530,Customer 00530 Inc,Silver,EMEA,user_530@enterprise10.com,2024-01-04
531,Customer 00531 Inc,GOLD,APAC,user_531@enterprise11.com,2024-11-16
532,Customer 00532 Inc,Platinum,LATAM,user_532@enterprise12.com,2024-06-02
533, Customer 00533 Inc ,Standard,NORTH_AMERICA,user_533@enterprise13.com,2024-07-11
534,Customer 00534 Inc,SILVER,EMEA,user_534@enterprise14.com,2024-09-01
535,Customer 00535 Inc,GOLD,APAC,user_535@enterprise15.com,2024-03-31
536,Customer 00536 Inc,PLATINUM,LATAM,user_536@enterprise16.com,2024-08-24
537,Customer 00537 Inc,Standard,NORTH_AMERICA,user_537@enterprise17.com,2024-11-18
538,Customer 00538 Inc, SILVER,EMEA,user_538@enterprise18.com,2024-03-30
539,Customer 00539 Inc,gold,APAC,user_539@enterprise19.com,2024-11-26
540,Customer 00540 Inc,platinum,LATAM,user_540@enterprise20.com,2024-03-26
541, Customer 00541 Inc ,Standard,NORTH_AMERICA,user_541@enterprise21.com,2024-07-18
542,Customer 00542 Inc,SILVER,EMEA,user_542@enterprise22.com,2024-11-15
543,Customer 00543 Inc,GOLD,APAC,user_543@enterprise23.com,2024-08-20
544, Customer 00544 Inc ,PLATINUM,LATAM,user_544@enterprise24.com,2024-05-20
545,Customer 00545 Inc,standard,NORTH_AMERICA,user_545@enterprise25.com,2024-02-01
546, Customer 00546 Inc , SILVER,EMEA,user_546@enterprise26.com,2024-01-27
547,Customer 00547 Inc,Gold ,APAC,user_547@enterprise27.com,2024-06-30
548,Customer 00548 Inc,PLATINUM,LATAM,user_548@enterprise28.com,2024-12-06
549, Customer 00549 Inc ,standard,NORTH_AMERICA,user_549@enterprise29.com,2024-07-05
550,Customer 00550 Inc,silver,EMEA,user_550@enterprise30.com,2024-11-01
551,Customer 00551 Inc,gold,APAC,user_551@enterprise31.com,2024-03-16
552,Customer 00552 Inc,Platinum,LATAM,user_552@enterprise32.com,2024-10-18
553,Customer 00553 Inc,standard,NORTH_AMERICA,user_553@enterprise33.com,2024-03-20
554,Customer 00554 Inc,SILVER,EMEA,user_554@enterprise34.com,2024-06-20
555,Customer 00555 Inc, GOLD,APAC,user_555@enterprise35.com,2024-05-09
556, Customer 00556 Inc ,Platinum,LATAM,user_556@enterprise36.com,2024-03-09
557,Customer 00557 Inc,Standard,NORTH_AMERICA,user_557@enterprise37.com,2024-10-25
558, Customer 00558 Inc ,Silver,EMEA,user_558@enterprise38.com,2024-01-15
559,Customer 00559 Inc,Gold ,APAC,user_559@enterprise39.com,2024-12-06
560,Customer 00560 Inc,PLATINUM,LATAM,user_560@enterprise0.com,2024-05-06
561,Customer 00561 Inc, STANDARD ,NORTH_AMERICA,user_561@enterprise1.com,2024-08-27
562,Customer 00562 Inc,Silver,EMEA,user_562@enterprise2.com,2024-04-12
563, Customer 00563 Inc ,Gold ,APAC,user_563@enterprise3.com,2024-01-28
564,Customer 00564 Inc, PLATINUM ,LATAM,user_564@enterprise4.com,2024-03-10
565, Customer 00565 Inc ,standard,NORTH_AMERICA,user_565@enterprise5.com,2024-08-04
566,Customer 00566 Inc,SILVER,EMEA,user_566@enterprise6.com,2024-01-21
567,Customer 00567 Inc,Gold ,APAC,user_567@enterprise7.com,2024-10-26
568,Customer 00568 Inc,platinum,LATAM,user_568@enterprise8.com,2024-09-03
569,Customer 00569 Inc,standard,NORTH_AMERICA,user_569@enterprise9.com,2024-07-13
570,Customer 00570 Inc,SILVER,EMEA,user_570@enterprise10.com,2024-08-29
571,Customer 00571 Inc, GOLD,APAC,user_571@enterprise11.com,2024-11-23
572,Customer 00572 Inc,platinum,LATAM,user_572@enterprise12.com,2024-09-07
573,Customer 00573 Inc,Standard,NORTH_AMERICA,user_573@enterprise13.com,2024-10-30
574, Customer 00574 Inc ,silver,EMEA,user_574@enterprise14.com,2024-05-11
575,Customer 00575 Inc, GOLD,APAC,user_575@enterprise15.com,2024-02-17
576,Customer 00576 Inc,platinum,LATAM,user_576@enterprise16.com,2024-01-11
577,Customer 00577 Inc,Standard,NORTH_AMERICA,,2024-06-15
578,Customer 00578 Inc,SILVER,EMEA,user_578@enterprise18.com,2024-06-02
579,Customer 00579 Inc,gold,APAC,user_579@enterprise19.com,2024-01-26
580,Customer 00580 Inc,platinum,LATAM,user_580@enterprise20.com,2024-07-10
581, Customer 00581 Inc ,Standard,NORTH_AMERICA,user_581@enterprise21.com,2024-11-17
582,Customer 00582 Inc, SILVER,EMEA,user_582@enterprise22.com,2024-01-27
583,Customer 00583 Inc,gold,APAC,user_583@enterprise23.com,2024-03-27
584,Customer 00584 Inc,Platinum,LATAM,user_584@enterprise24.com,2024-02-08
585,Customer 00585 Inc,STANDARD,NORTH_AMERICA,user_585@enterprise25.com,2024-02-24
586,Customer 00586 Inc,Silver,EMEA,user_586@enterprise26.com,2024-03-08
587,Customer 00587 Inc,gold,APAC,user_587@enterprise27.com,2024-04-25
588,Customer 00588 Inc,platinum,LATAM,user_588@enterprise28.com,2024-08-07
589,Customer 00589 Inc,standard,NORTH_AMERICA,user_589@enterprise29.com,2024-03-19
590,Customer 00590 Inc,silver,EMEA,user_590@enterprise30.com,2024-01-05
591,Customer 00591 Inc,GOLD,APAC,user_591@enterprise31.com,2024-03-16
592,Customer 00592 Inc, PLATINUM ,LATAM,user_592@enterprise32.com,2024-07-18
593,Customer 00593 Inc,Standard,NORTH_AMERICA,user_593@enterprise33.com,2024-07-11
594,Customer 00594 Inc,silver,EMEA,user_594@enterprise34.com,2024-02-09
595, Customer 00595 Inc , GOLD,APAC,user_595@enterprise35.com,2024-04-01
596,Customer 00596 Inc,platinum,LATAM,user_596@enterprise36.com,2024-04-19
597, Customer 00597 Inc ,Standard,NORTH_AMERICA,user_597@enterprise37.com,2024-09-18
598,Customer 00598 Inc,Silver,EMEA,user_598@enterprise38.com,2024-01-05
599,Customer 00599 Inc,gold,APAC,user_599@enterprise39.com,2024-10-01
600,Customer 00600 Inc,Platinum,LATAM,user_600@enterprise0.com,2024-01-17
601,Customer 00601 Inc,STANDARD,NORTH_AMERICA,user_601@enterprise1.com,2024-07-26
602,Customer 00602 Inc, SILVER,EMEA,user_602@enterprise2.com,2024-06-28
603,Customer 00603 Inc,Gold ,APAC,user_603@enterprise3.com,2024-03-26
604,Customer 00604 Inc,PLATINUM,LATAM,user_604@enterprise4.com,2024-08-08
605,Customer 00605 Inc,standard,NORTH_AMERICA,user_605@enterprise5.com,2024-01-27
606,Customer 00606 Inc,silver,EMEA,user_606@enterprise6.com,2024-08-14
607,Customer 00607 Inc, GOLD,APAC,user_607@enterprise7.com,2024-02-20
608,Customer 00608 Inc, PLATINUM ,LATAM,user_608@enterprise8.com,2024-11-08
609,Customer 00609 Inc, STANDARD ,NORTH_AMERICA,user_609@enterprise9.com,2024-05-29
610,Customer 00610 Inc,silver,EMEA,user_610@enterprise10.com,2024-04-09
611,Customer 00611 Inc,GOLD,APAC,user_611@enterprise11.com,2024-01-18
612, Customer 00612 Inc ,PLATINUM,LATAM,user_612@enterprise12.com,2024-12-20
613,Customer 00613 Inc,Standard,NORTH_AMERICA,user_613@enterprise13.com,2024-08-06
614,Customer 00614 Inc,Silver,EMEA,user_614@enterprise14.com,2024-05-13
615,Customer 00615 Inc,GOLD,APAC,user_615@enterprise15.com,2024-09-09
616,Customer 00616 Inc,PLATINUM,LATAM,user_616@enterprise16.com,2024-10-08
617,Customer 00617 Inc,Standard,NORTH_AMERICA,user_617@enterprise17.com,2024-06-03
618,Customer 00618 Inc,Silver,EMEA,user_618@enterprise18.com,2024-09-19
619,Customer 00619 Inc,GOLD,APAC,user_619@enterprise19.com,2024-09-12
620, Customer 00620 Inc , PLATINUM ,LATAM,user_620@enterprise20.com,2024-08-25
621,Customer 00621 Inc,standard,NORTH_AMERICA,user_621@enterprise21.com,2024-07-21
622,Customer 00622 Inc,SILVER,EMEA,user_622@enterprise22.com,2024-04-23
623,Customer 00623 Inc,Gold ,APAC,user_623@enterprise23.com,2024-05-16
624, Customer 00624 Inc , PLATINUM ,LATAM,user_624@enterprise24.com,2024-01-10
625, Customer 00625 Inc ,Standard,NORTH_AMERICA,user_625@enterprise25.com,2024-01-23
626,Customer 00626 Inc,silver,EMEA,user_626@enterprise26.com,2024-04-27
627, Customer 00627 Inc ,GOLD,APAC,user_627@enterprise27.com,2024-09-21
628, Customer 00628 Inc ,platinum,LATAM,user_628@enterprise28.com,2024-02-19
629,Customer 00629 Inc,STANDARD,NORTH_AMERICA,user_629@enterprise29.com,2024-09-10
630, Customer 00630 Inc , SILVER,EMEA,user_630@enterprise30.com,2024-06-14
631,Customer 00631 Inc,gold,APAC,user_631@enterprise31.com,2024-03-16
632,Customer 00632 Inc,PLATINUM,LATAM,user_632@enterprise32.com,2024-09-05
633,Customer 00633 Inc,standard,NORTH_AMERICA,user_633@enterprise33.com,2024-01-25
634, Customer 00634 Inc , SILVER,EMEA,user_634@enterprise34.com,2024-05-03
635, Customer 00635 Inc ,GOLD,APAC,user_635@enterprise35.com,2024-10-08
636, Customer 00636 Inc ,PLATINUM,LATAM,user_636@enterprise36.com,2024-03-31
637, Customer 00637 Inc ,standard,NORTH_AMERICA,user_637@enterprise37.com,2024-09-16
638, Customer 00638 Inc ,SILVER,EMEA,user_638@enterprise38.com,2024-03-31
639, Customer 00639 Inc ,GOLD,APAC,user_639@enterprise39.com,2024-02-06
640,Customer 00640 Inc,platinum,LATAM,user_640@enterprise0.com,2024-12-06
641,Customer 00641 Inc, STANDARD ,NORTH_AMERICA,user_641@enterprise1.com,2024-04-30
642, Customer 00642 Inc ,SILVER,EMEA,user_642@enterprise2.com,2024-10-31
643, Customer 00643 Inc ,Gold ,APAC,user_643@enterprise3.com,2024-05-16
644,Customer 00644 Inc,Platinum,LATAM,user_644@enterprise4.com,2024-03-18
645,Customer 00645 Inc,standard,NORTH_AMERICA,user_645@enterprise5.com,2024-09-10
646, Customer 00646 Inc ,SILVER,EMEA,user_646@enterprise6.com,2024-10-03
647, Customer 00647 Inc ,Gold ,APAC,user_647@enterprise7.com,2024-11-10
648,Customer 00648 Inc, PLATINUM ,LATAM,user_648@enterprise8.com,2024-09-05
649,Customer 00649 Inc,Standard,NORTH_AMERICA,user_649@enterprise9.com,2024-10-14
650,Customer 00650 Inc,silver,EMEA,user_650@enterprise10.com,2024-01-26
651,Customer 00651 Inc,gold,APAC,user_651@enterprise11.com,2024-03-20
652,Customer 00652 Inc,platinum,LATAM,user_652@enterprise12.com,2024-08-15
653,Customer 00653 Inc,STANDARD,NORTH_AMERICA,user_653@enterprise13.com,2024-06-29
654,Customer 00654 Inc,Silver,EMEA,user_654@enterprise14.com,2024-04-04
655,Customer 00655 Inc,Gold ,APAC,user_655@enterprise15.com,2024-12-06
656,Customer 00656 Inc,PLATINUM,LATAM,user_656@enterprise16.com,2024-06-28
657,Customer 00657 Inc, STANDARD ,NORTH_AMERICA,user_657@enterprise17.com,2024-06-06
658, Customer 00658 Inc ,silver,EMEA,user_658@enterprise18.com,2024-01-01
659,Customer 00659 Inc,GOLD,APAC,user_659@enterprise19.com,2024-07-07
660,Customer 00660 Inc, PLATINUM ,LATAM,,2024-09-05
661,Customer 00661 Inc,STANDARD,NORTH_AMERICA,user_661@enterprise21.com,2024-06-30
662,Customer 00662 Inc,SILVER,EMEA,user_662@enterprise22.com,2024-07-11
663,Customer 00663 Inc,gold,APAC,user_663@enterprise23.com,2024-08-12
664,Customer 00664 Inc,platinum,LATAM,user_664@enterprise24.com,2024-09-04
665,Customer 00665 Inc, STANDARD ,NORTH_AMERICA,user_665@enterprise25.com,2024-09-08
666,Customer 00666 Inc,silver,EMEA,user_666@enterprise26.com,2024-02-13
667,Customer 00667 Inc,Gold ,APAC,user_667@enterprise27.com,2024-02-18
668,Customer 00668 Inc,Platinum,LATAM,user_668@enterprise28.com,2024-03-15
669,Customer 00669 Inc,standard,NORTH_AMERICA,user_669@enterprise29.com,2024-06-22
670,Customer 00670 Inc,silver,EMEA,user_670@enterprise30.com,2024-12-16
671,Customer 00671 Inc,Gold ,APAC,user_671@enterprise31.com,2024-06-25
672,Customer 00672 Inc, PLATINUM ,LATAM,user_672@enterprise32.com,2024-06-07
673,Customer 00673 Inc,standard,NORTH_AMERICA,user_673@enterprise33.com,2024-01-29
674,Customer 00674 Inc,SILVER,EMEA,user_674@enterprise34.com,2024-07-23
675,Customer 00675 Inc, GOLD,APAC,user_675@enterprise35.com,2024-09-02
676, Customer 00676 Inc ,PLATINUM,LATAM,user_676@enterprise36.com,2024-08-02
677,Customer 00677 Inc,Standard,NORTH_AMERICA,user_677@enterprise37.com,2024-07-25
678,Customer 00678 Inc,silver,EMEA,user_678@enterprise38.com,2024-07-21
679,Customer 00679 Inc,gold,APAC,user_679@enterprise39.com,2024-01-07
680,Customer 00680 Inc,platinum,LATAM,user_680@enterprise0.com,2024-08-09
681,Customer 00681 Inc,standard,NORTH_AMERICA,user_681@enterprise1.com,2024-02-24
682,Customer 00682 Inc,SILVER,EMEA,user_682@enterprise2.com,2024-04-08
683,Customer 00683 Inc,Gold ,APAC,user_683@enterprise3.com,2024-03-24
684,Customer 00684 Inc,Platinum,LATAM,user_684@enterprise4.com,2024-07-13
685,Customer 00685 Inc,STANDARD,NORTH_AMERICA,user_685@enterprise5.com,2024-07-02
686,Customer 00686 Inc,silver,EMEA,user_686@enterprise6.com,2024-07-22
687, Customer 00687 Inc , GOLD,APAC,user_687@enterprise7.com,2024-03-06
688, Customer 00688 Inc ,Platinum,LATAM,user_688@enterprise8.com,2024-07-19
689,Customer 00689 Inc,STANDARD,NORTH_AMERICA,,2024-06-19
690,Customer 00690 Inc,Silver,EMEA,user_690@enterprise10.com,2024-09-22
691, Customer 00691 Inc ,gold,APAC,,2024-06-09
692,Customer 00692 Inc,Platinum,LATAM,user_692@enterprise12.com,2024-05-10
693,Customer 00693 Inc,standard,NORTH_AMERICA,user_693@enterprise13.com,2024-05-08
694, Customer 00694 Inc ,Silver,EMEA,user_694@enterprise14.com,2024-07-15
695, Customer 00695 Inc , GOLD,APAC,user_695@enterprise15.com,2024-06-22
696,Customer 00696 Inc,platinum,LATAM,user_696@enterprise16.com,2024-05-20
697,Customer 00697 Inc,standard,NORTH_AMERICA,user_697@enterprise17.com,2024-04-26
698,Customer 00698 Inc,SILVER,EMEA,user_698@enterprise18.com,2024-07-30
699,Customer 00699 Inc,GOLD,APAC,user_699@enterprise19.com,2024-05-26
700, Customer 00700 Inc ,Platinum,LATAM,user_700@enterprise20.com,2024-04-25
701,Customer 00701 Inc, STANDARD ,NORTH_AMERICA,user_701@enterprise21.com,2024-12-22
702,Customer 00702 Inc, SILVER,EMEA,user_702@enterprise22.com,2024-09-20
703,Customer 00703 Inc,gold,APAC,user_703@enterprise23.com,2024-03-19
704,Customer 00704 Inc,platinum,LATAM,user_704@enterprise24.com,2024-11-13
705,Customer 00705 Inc,standard,NORTH_AMERICA,,2024-03-30
706, Customer 00706 Inc ,Silver,EMEA,user_706@enterprise26.com,2024-11-21
707,Customer 00707 Inc, GOLD,APAC,user_707@enterprise27.com,2024-06-17
708,Customer 00708 Inc,Platinum,LATAM,user_708@enterprise28.com,2024-10-30
709,Customer 00709 Inc,STANDARD,NORTH_AMERICA,user_709@enterprise29.com,2024-04-28
710, Customer 00710 Inc ,SILVER,EMEA,user_710@enterprise30.com,2024-01-14
711,Customer 00711 Inc,GOLD,APAC,user_711@enterprise31.com,2024-10-11
712,Customer 00712 Inc,PLATINUM,LATAM,user_712@enterprise32.com,2024-04-08
713,Customer 00713 Inc,STANDARD,NORTH_AMERICA,,2024-02-19
714,Customer 00714 Inc,Silver,EMEA,,2024-04-23
715,Customer 00715 Inc,Gold ,APAC,user_715@enterprise35.com,2024-12-18
716,Customer 00716 Inc,Platinum,LATAM,user_716@enterprise36.com,2024-09-28
717,Customer 00717 Inc,Standard,NORTH_AMERICA,user_717@enterprise37.com,2024-10-19
718,Customer 00718 Inc,SILVER,EMEA,user_718@enterprise38.com,2024-06-29
719,Customer 00719 Inc,gold,APAC,user_719@enterprise39.com,2024-06-11
720,Customer 00720 Inc,Platinum,LATAM,user_720@enterprise0.com,2024-09-01
721, Customer 00721 Inc ,Standard,NORTH_AMERICA,user_721@enterprise1.com,2024-08-01
722,Customer 00722 Inc,silver,EMEA,user_722@enterprise2.com,2024-04-09
723,Customer 00723 Inc,GOLD,APAC,user_723@enterprise3.com,2024-09-12
724,Customer 00724 Inc, PLATINUM ,LATAM,user_724@enterprise4.com,2024-11-01
725,Customer 00725 Inc,Standard,NORTH_AMERICA,user_725@enterprise5.com,2024-04-01
726,Customer 00726 Inc,Silver,EMEA,user_726@enterprise6.com,2024-07-11
727,Customer 00727 Inc,Gold ,APAC,user_727@enterprise7.com,2024-10-07
728, Customer 00728 Inc ,platinum,LATAM,user_728@enterprise8.com,2024-02-29
729, Customer 00729 Inc ,standard,NORTH_AMERICA,user_729@enterprise9.com,2024-11-17
730,Customer 00730 Inc, SILVER,EMEA,user_730@enterprise10.com,2024-08-13
731,Customer 00731 Inc,Gold ,APAC,user_731@enterprise11.com,2024-11-09
732,Customer 00732 Inc,Platinum,LATAM,user_732@enterprise12.com,2024-01-28
733,Customer 00733 Inc,Standard,NORTH_AMERICA,user_733@enterprise13.com,2024-12-20
734,Customer 00734 Inc,silver,EMEA,user_734@enterprise14.com,2024-06-05
735,Customer 00735 Inc,gold,APAC,user_735@enterprise15.com,2024-11-18
736,Customer 00736 Inc,platinum,LATAM,user_736@enterprise16.com,2024-11-11
737,Customer 00737 Inc,standard,NORTH_AMERICA,user_737@enterprise17.com,2024-06-22
738, Customer 00738 Inc , SILVER,EMEA,user_738@enterprise18.com,2024-04-12
739,Customer 00739 Inc,Gold ,APAC,user_739@enterprise19.com,2024-12-25
740, Customer 00740 Inc ,platinum,LATAM,user_740@enterprise20.com,2024-01-12
741,Customer 00741 Inc,STANDARD,NORTH_AMERICA,user_741@enterprise21.com,2024-10-21
742, Customer 00742 Inc , SILVER,EMEA,user_742@enterprise22.com,2024-02-08
743, Customer 00743 Inc ,Gold ,APAC,user_743@enterprise23.com,2024-11-10
744,Customer 00744 Inc,Platinum,LATAM,user_744@enterprise24.com,2024-12-26
745,Customer 00745 Inc, STANDARD ,NORTH_AMERICA,user_745@enterprise25.com,2024-04-30
746,Customer 00746 Inc,silver,EMEA,user_746@enterprise26.com,2024-07-21
747, Customer 00747 Inc ,gold,APAC,user_747@enterprise27.com,2024-11-20
748,Customer 00748 Inc,Platinum,LATAM,user_748@enterprise28.com,2024-02-25
749,Customer 00749 Inc,STANDARD,NORTH_AMERICA,user_749@enterprise29.com,2024-08-28
750, Customer 00750 Inc ,SILVER,EMEA,user_750@enterprise30.com,2024-03-09
751,Customer 00751 Inc,GOLD,APAC,user_751@enterprise31.com,2024-02-09
752,Customer 00752 Inc,Platinum,LATAM,user_752@enterprise32.com,2024-07-12
753,Customer 00753 Inc, STANDARD ,NORTH_AMERICA,user_753@enterprise33.com,2024-08-04
754,Customer 00754 Inc,Silver,EMEA,user_754@enterprise34.com,2024-01-07
755,Customer 00755 Inc, GOLD,APAC,user_755@enterprise35.com,2024-11-16
756,Customer 00756 Inc, PLATINUM ,LATAM,user_756@enterprise36.com,2024-07-15
757,Customer 00757 Inc,STANDARD,NORTH_AMERICA,user_757@enterprise37.com,2024-01-02
758,Customer 00758 Inc, SILVER,EMEA,user_758@enterprise38.com,2024-11-14
759, Customer 00759 Inc ,GOLD,APAC,user_759@enterprise39.com,2024-11-19
760,Customer 00760 Inc,platinum,LATAM,user_760@enterprise0.com,2024-07-27
761,Customer 00761 Inc,Standard,NORTH_AMERICA,user_761@enterprise1.com,2024-02-08
762,Customer 00762 Inc,SILVER,EMEA,user_762@enterprise2.com,2024-03-05
763,Customer 00763 Inc, GOLD,APAC,user_763@enterprise3.com,2024-06-23
764,Customer 00764 Inc,platinum,LATAM,user_764@enterprise4.com,2024-04-14
765,Customer 00765 Inc,STANDARD,NORTH_AMERICA,user_765@enterprise5.com,2024-08-30
766, Customer 00766 Inc , SILVER,EMEA,user_766@enterprise6.com,2024-04-15
767,Customer 00767 Inc,Gold ,APAC,user_767@enterprise7.com,2024-02-13
768,Customer 00768 Inc, PLATINUM ,LATAM,user_768@enterprise8.com,2024-11-10
769,Customer 00769 Inc,Standard,NORTH_AMERICA,user_769@enterprise9.com,2024-05-20
770,Customer 00770 Inc,silver,EMEA,user_770@enterprise10.com,2024-10-28
771, Customer 00771 Inc ,GOLD,APAC,user_771@enterprise11.com,2024-02-17
772, Customer 00772 Inc ,Platinum,LATAM,user_772@enterprise12.com,2024-01-04
773,Customer 00773 Inc,standard,NORTH_AMERICA,user_773@enterprise13.com,2024-05-06
774,Customer 00774 Inc, SILVER,EMEA,user_774@enterprise14.com,2024-07-08
775,Customer 00775 Inc,Gold ,APAC,user_775@enterprise15.com,2024-08-12
776,Customer 00776 Inc, PLATINUM ,LATAM,user_776@enterprise16.com,2024-03-19
777,Customer 00777 Inc,STANDARD,NORTH_AMERICA,user_777@enterprise17.com,2024-05-04
778,Customer 00778 Inc,Silver,EMEA,user_778@enterprise18.com,2024-01-24
779, Customer 00779 Inc , GOLD,APAC,user_779@enterprise19.com,2024-04-07
780,Customer 00780 Inc,Platinum,LATAM,user_780@enterprise20.com,2024-06-18
781,Customer 00781 Inc,standard,NORTH_AMERICA,user_781@enterprise21.com,2024-06-19
782,Customer 00782 Inc,Silver,EMEA,user_782@enterprise22.com,2024-09-17
783,Customer 00783 Inc,Gold ,APAC,user_783@enterprise23.com,2024-04-15
784,Customer 00784 Inc,platinum,LATAM,user_784@enterprise24.com,2024-11-29
785,Customer 00785 Inc,Standard,NORTH_AMERICA,user_785@enterprise25.com,2024-05-23
786, Customer 00786 Inc ,silver,EMEA,user_786@enterprise26.com,2024-05-28
787, Customer 00787 Inc ,Gold ,APAC,user_787@enterprise27.com,2024-03-26
788,Customer 00788 Inc,platinum,LATAM,user_788@enterprise28.com,2024-10-24
789,Customer 00789 Inc,Standard,NORTH_AMERICA,user_789@enterprise29.com,2024-07-14
790, Customer 00790 Inc ,silver,EMEA,,2024-04-16
791, Customer 00791 Inc ,Gold ,APAC,user_791@enterprise31.com,2024-04-21
792, Customer 00792 Inc ,platinum,LATAM,user_792@enterprise32.com,2024-01-20
793,Customer 00793 Inc,standard,NORTH_AMERICA,user_793@enterprise33.com,2024-04-08
794,Customer 00794 Inc, SILVER,EMEA,user_794@enterprise34.com,2024-11-25
795,Customer 00795 Inc,Gold ,APAC,user_795@enterprise35.com,2024-10-28
796,Customer 00796 Inc,platinum,LATAM,user_796@enterprise36.com,2024-10-26
797,Customer 00797 Inc,standard,NORTH_AMERICA,user_797@enterprise37.com,2024-11-08
798,Customer 00798 Inc, SILVER,EMEA,user_798@enterprise38.com,2024-08-28
799,Customer 00799 Inc,Gold ,APAC,user_799@enterprise39.com,2024-11-13
800,Customer 00800 Inc,Platinum,LATAM,user_800@enterprise0.com,2024-11-22
801,Customer 00801 Inc, STANDARD ,NORTH_AMERICA,user_801@enterprise1.com,2024-04-26
802,Customer 00802 Inc,SILVER,EMEA,user_802@enterprise2.com,2024-09-27
803,Customer 00803 Inc, GOLD,APAC,user_803@enterprise3.com,2024-06-24
804,Customer 00804 Inc,PLATINUM,LATAM,user_804@enterprise4.com,2024-09-16
805,Customer 00805 Inc, STANDARD ,NORTH_AMERICA,user_805@enterprise5.com,2024-10-04
806,Customer 00806 Inc,Silver,EMEA,user_806@enterprise6.com,2024-07-02
807,Customer 00807 Inc,GOLD,APAC,user_807@enterprise7.com,2024-01-22
808,Customer 00808 Inc, PLATINUM ,LATAM,user_808@enterprise8.com,2024-06-09
809,Customer 00809 Inc, STANDARD ,NORTH_AMERICA,user_809@enterprise9.com,2024-12-11
810,Customer 00810 Inc,SILVER,EMEA,user_810@enterprise10.com,2024-10-25
811,Customer 00811 Inc,gold,APAC,user_811@enterprise11.com,2024-05-07
812,Customer 00812 Inc,Platinum,LATAM,user_812@enterprise12.com,2024-01-23
813,Customer 00813 Inc,Standard,NORTH_AMERICA,,2024-09-05
814,Customer 00814 Inc,SILVER,EMEA,user_814@enterprise14.com,2024-01-14
815,Customer 00815 Inc,gold,APAC,user_815@enterprise15.com,2024-05-25
816,Customer 00816 Inc,Platinum,LATAM,user_816@enterprise16.com,2024-01-25
817,Customer 00817 Inc, STANDARD ,NORTH_AMERICA,user_817@enterprise17.com,2024-07-25
818, Customer 00818 Inc ,SILVER,EMEA,user_818@enterprise18.com,2024-02-05
819,Customer 00819 Inc,gold,APAC,user_819@enterprise19.com,2024-06-11
820,Customer 00820 Inc,platinum,LATAM,user_820@enterprise20.com,2024-06-14
821,Customer 00821 Inc,STANDARD,NORTH_AMERICA,user_821@enterprise21.com,2024-11-23
822,Customer 00822 Inc,SILVER,EMEA,user_822@enterprise22.com,2024-03-09
823,Customer 00823 Inc, GOLD,APAC,user_823@enterprise23.com,2024-02-08
824,Customer 00824 Inc,platinum,LATAM,user_824@enterprise24.com,2024-05-29
825,Customer 00825 Inc,standard,NORTH_AMERICA,user_825@enterprise25.com,2024-04-01
826,Customer 00826 Inc,SILVER,EMEA,user_826@enterprise26.com,2024-01-22
827, Customer 00827 Inc ,Gold ,APAC,user_827@enterprise27.com,2024-04-04
828,Customer 00828 Inc,PLATINUM,LATAM,user_828@enterprise28.com,2024-06-15
829, Customer 00829 Inc ,Standard,NORTH_AMERICA,user_829@enterprise29.com,2024-04-06
830,Customer 00830 Inc,silver,EMEA,user_830@enterprise30.com,2024-02-18
831,Customer 00831 Inc,gold,APAC,user_831@enterprise31.com,2024-12-10
832,Customer 00832 Inc,platinum,LATAM,user_832@enterprise32.com,2024-06-14
833,Customer 00833 Inc,STANDARD,NORTH_AMERICA,user_833@enterprise33.com,2024-04-06
834,Customer 00834 Inc,silver,EMEA,user_834@enterprise34.com,2024-06-30
835,Customer 00835 Inc,gold,APAC,user_835@enterprise35.com,2024-03-17
836,Customer 00836 Inc,platinum,LATAM,user_836@enterprise36.com,2024-08-14
837,Customer 00837 Inc,STANDARD,NORTH_AMERICA,user_837@enterprise37.com,2024-04-14
838, Customer 00838 Inc ,silver,EMEA,user_838@enterprise38.com,2024-10-29
839,Customer 00839 Inc,Gold ,APAC,user_839@enterprise39.com,2024-12-17
840,Customer 00840 Inc,Platinum,LATAM,user_840@enterprise0.com,2024-04-10
841,Customer 00841 Inc,Standard,NORTH_AMERICA,user_841@enterprise1.com,2024-06-09
842,Customer 00842 Inc,Silver,EMEA,user_842@enterprise2.com,2024-01-05
843,Customer 00843 Inc,Gold ,APAC,user_843@enterprise3.com,2024-09-12
844,Customer 00844 Inc,platinum,LATAM,user_844@enterprise4.com,2024-09-07
845,Customer 00845 Inc, STANDARD ,NORTH_AMERICA,user_845@enterprise5.com,2024-09-26
846,Customer 00846 Inc,silver,EMEA,user_846@enterprise6.com,2024-04-22
847,Customer 00847 Inc,gold,APAC,user_847@enterprise7.com,2024-08-05
848,Customer 00848 Inc, PLATINUM ,LATAM,user_848@enterprise8.com,2024-04-29
849, Customer 00849 Inc , STANDARD ,NORTH_AMERICA,user_849@enterprise9.com,2024-12-07
850, Customer 00850 Inc , SILVER,EMEA,user_850@enterprise10.com,2024-08-11
851,Customer 00851 Inc,Gold ,APAC,user_851@enterprise11.com,2024-03-22
852, Customer 00852 Inc , PLATINUM ,LATAM,user_852@enterprise12.com,2024-01-09
853,Customer 00853 Inc,STANDARD,NORTH_AMERICA,user_853@enterprise13.com,2024-11-12
854,Customer 00854 Inc,silver,EMEA,user_854@enterprise14.com,2024-10-18
855,Customer 00855 Inc,gold,APAC,user_855@enterprise15.com,2024-05-12
856,Customer 00856 Inc, PLATINUM ,LATAM,user_856@enterprise16.com,2024-03-31
857,Customer 00857 Inc,standard,NORTH_AMERICA,user_857@enterprise17.com,2024-06-30
858,Customer 00858 Inc,SILVER,EMEA,user_858@enterprise18.com,2024-07-12
859,Customer 00859 Inc,gold,APAC,user_859@enterprise19.com,2024-05-14
860, Customer 00860 Inc , PLATINUM ,LATAM,user_860@enterprise20.com,2024-05-25
861,Customer 00861 Inc, STANDARD ,NORTH_AMERICA,user_861@enterprise21.com,2024-02-25
862,Customer 00862 Inc,silver,EMEA,user_862@enterprise22.com,2024-06-05
863,Customer 00863 Inc,gold,APAC,user_863@enterprise23.com,2024-01-17
864,Customer 00864 Inc,platinum,LATAM,user_864@enterprise24.com,2024-06-25
865,Customer 00865 Inc,standard,NORTH_AMERICA,user_865@enterprise25.com,2024-08-11
866,Customer 00866 Inc,silver,EMEA,user_866@enterprise26.com,2024-07-08
867,Customer 00867 Inc,gold,APAC,user_867@enterprise27.com,2024-10-27
868,Customer 00868 Inc,PLATINUM,LATAM,user_868@enterprise28.com,2024-04-23
869, Customer 00869 Inc ,STANDARD,NORTH_AMERICA,user_869@enterprise29.com,2024-01-26
870,Customer 00870 Inc, SILVER,EMEA,user_870@enterprise30.com,2024-03-08
871,Customer 00871 Inc, GOLD,APAC,user_871@enterprise31.com,2024-12-08
872, Customer 00872 Inc ,Platinum,LATAM,user_872@enterprise32.com,2024-07-19
873,Customer 00873 Inc,Standard,NORTH_AMERICA,user_873@enterprise33.com,2024-10-18
874, Customer 00874 Inc , SILVER,EMEA,user_874@enterprise34.com,2024-01-13
875,Customer 00875 Inc, GOLD,APAC,,2024-09-20
876,Customer 00876 Inc,platinum,LATAM,user_876@enterprise36.com,2024-04-22
877,Customer 00877 Inc,standard,NORTH_AMERICA,user_877@enterprise37.com,2024-11-08
878,Customer 00878 Inc, SILVER,EMEA,user_878@enterprise38.com,2024-10-04
879,Customer 00879 Inc,GOLD,APAC,user_879@enterprise39.com,2024-02-19
880,Customer 00880 Inc,PLATINUM,LATAM,user_880@enterprise0.com,2024-12-18
881,Customer 00881 Inc,STANDARD,NORTH_AMERICA,user_881@enterprise1.com,2024-07-24
882, Customer 00882 Inc ,silver,EMEA,user_882@enterprise2.com,2024-04-03
883,Customer 00883 Inc,gold,APAC,user_883@enterprise3.com,2024-07-21
884,Customer 00884 Inc, PLATINUM ,LATAM,user_884@enterprise4.com,2024-09-11
885,Customer 00885 Inc,standard,NORTH_AMERICA,user_885@enterprise5.com,2024-10-12
886,Customer 00886 Inc,Silver,EMEA,user_886@enterprise6.com,2024-05-01
887,Customer 00887 Inc, GOLD,APAC,user_887@enterprise7.com,2024-04-23
888,Customer 00888 Inc,PLATINUM,LATAM,user_888@enterprise8.com,2024-09-06
889,Customer 00889 Inc,standard,NORTH_AMERICA,user_889@enterprise9.com,2024-03-28
890,Customer 00890 Inc,SILVER,EMEA,user_890@enterprise10.com,2024-05-12
891,Customer 00891 Inc,GOLD,APAC,user_891@enterprise11.com,2024-09-25
892,Customer 00892 Inc,platinum,LATAM,user_892@enterprise12.com,2024-10-09
893,Customer 00893 Inc,standard,NORTH_AMERICA,user_893@enterprise13.com,2024-08-31
894,Customer 00894 Inc, SILVER,EMEA,user_894@enterprise14.com,2024-09-15
895,Customer 00895 Inc,GOLD,APAC,user_895@enterprise15.com,2024-03-21
896,Customer 00896 Inc, PLATINUM ,LATAM,user_896@enterprise16.com,2024-10-26
897,Customer 00897 Inc, STANDARD ,NORTH_AMERICA,user_897@enterprise17.com,2024-09-18
898,Customer 00898 Inc, SILVER,EMEA,user_898@enterprise18.com,2024-10-30
899,Customer 00899 Inc,GOLD,APAC,user_899@enterprise19.com,2024-12-11
900,Customer 00900 Inc,PLATINUM,LATAM,user_900@enterprise20.com,2024-05-10
901,Customer 00901 Inc, STANDARD ,NORTH_AMERICA,user_901@enterprise21.com,2024-02-02
902,Customer 00902 Inc,Silver,EMEA,user_902@enterprise22.com,2024-01-02
903,Customer 00903 Inc,GOLD,APAC,user_903@enterprise23.com,2024-09-12
904,Customer 00904 Inc,Platinum,LATAM,user_904@enterprise24.com,2024-12-10
905,Customer 00905 Inc,standard,NORTH_AMERICA,user_905@enterprise25.com,2024-10-15
906,Customer 00906 Inc,silver,EMEA,user_906@enterprise26.com,2024-12-16
907,Customer 00907 Inc,GOLD,APAC,,2024-07-17
908, Customer 00908 Inc ,Platinum,LATAM,user_908@enterprise28.com,2024-05-17
909,Customer 00909 Inc,standard,NORTH_AMERICA,user_909@enterprise29.com,2024-07-18
910,Customer 00910 Inc,SILVER,EMEA,user_910@enterprise30.com,2024-05-18
911,Customer 00911 Inc,Gold ,APAC,user_911@enterprise31.com,2024-03-03
912, Customer 00912 Inc ,PLATINUM,LATAM,user_912@enterprise32.com,2024-05-06
913,Customer 00913 Inc, STANDARD ,NORTH_AMERICA,user_913@enterprise33.com,2024-02-20
914, Customer 00914 Inc ,Silver,EMEA,user_914@enterprise34.com,2024-02-05
915, Customer 00915 Inc ,GOLD,APAC,user_915@enterprise35.com,2024-08-21
916,Customer 00916 Inc, PLATINUM ,LATAM,user_916@enterprise36.com,2024-01-08
917, Customer 00917 Inc ,Standard,NORTH_AMERICA,user_917@enterprise37.com,2024-06-15
918,Customer 00918 Inc, SILVER,EMEA,user_918@enterprise38.com,2024-04-30
919,Customer 00919 Inc,gold,APAC,user_919@enterprise39.com,2024-02-01
920,Customer 00920 Inc,platinum,LATAM,user_920@enterprise0.com,2024-11-11
921,Customer 00921 Inc,Standard,NORTH_AMERICA,user_921@enterprise1.com,2024-06-08
922,Customer 00922 Inc,Silver,EMEA,user_922@enterprise2.com,2024-10-21
923,Customer 00923 Inc,Gold ,APAC,user_923@enterprise3.com,2024-06-22
924, Customer 00924 Inc ,PLATINUM,LATAM,user_924@enterprise4.com,2024-03-26
925,Customer 00925 Inc,standard,NORTH_AMERICA,user_925@enterprise5.com,2024-02-22
926, Customer 00926 Inc , SILVER,EMEA,user_926@enterprise6.com,2024-02-07
927,Customer 00927 Inc,gold,APAC,user_927@enterprise7.com,2024-09-06
928,Customer 00928 Inc,platinum,LATAM,user_928@enterprise8.com,2024-01-09
929,Customer 00929 Inc,STANDARD,NORTH_AMERICA,user_929@enterprise9.com,2024-11-11
930,Customer 00930 Inc,silver,EMEA,user_930@enterprise10.com,2024-05-31
931,Customer 00931 Inc,gold,APAC,user_931@enterprise11.com,2024-02-07
932, Customer 00932 Inc ,platinum,LATAM,user_932@enterprise12.com,2024-01-28
933, Customer 00933 Inc ,Standard,NORTH_AMERICA,user_933@enterprise13.com,2024-05-29
934,Customer 00934 Inc,SILVER,EMEA,user_934@enterprise14.com,2024-09-19
935,Customer 00935 Inc,GOLD,APAC,user_935@enterprise15.com,2024-09-21
936,Customer 00936 Inc,Platinum,LATAM,user_936@enterprise16.com,2024-12-20
937, Customer 00937 Inc ,STANDARD,NORTH_AMERICA,user_937@enterprise17.com,2024-04-03
938,Customer 00938 Inc, SILVER,EMEA,user_938@enterprise18.com,2024-12-15
939,Customer 00939 Inc,gold,APAC,user_939@enterprise19.com,2024-05-31
940, Customer 00940 Inc ,Platinum,LATAM,user_940@enterprise20.com,2024-07-23
941,Customer 00941 Inc,standard,NORTH_AMERICA,user_941@enterprise21.com,2024-11-23
942, Customer 00942 Inc , SILVER,EMEA,user_942@enterprise22.com,2024-10-23
943,Customer 00943 Inc, GOLD,APAC,user_943@enterprise23.com,2024-04-09
944,Customer 00944 Inc,Platinum,LATAM,user_944@enterprise24.com,2024-05-17
945,Customer 00945 Inc, STANDARD ,NORTH_AMERICA,user_945@enterprise25.com,2024-07-16
946,Customer 00946 Inc,SILVER,EMEA,user_946@enterprise26.com,2024-12-23
947,Customer 00947 Inc, GOLD,APAC,user_947@enterprise27.com,2024-08-01
948,Customer 00948 Inc, PLATINUM ,LATAM,user_948@enterprise28.com,2024-02-14
949,Customer 00949 Inc,Standard,NORTH_AMERICA,user_949@enterprise29.com,2024-04-28
950,Customer 00950 Inc,Silver,EMEA,user_950@enterprise30.com,2024-03-04
951,Customer 00951 Inc,GOLD,APAC,user_951@enterprise31.com,2024-06-25
952,Customer 00952 Inc,platinum,LATAM,user_952@enterprise32.com,2024-06-10
953,Customer 00953 Inc,STANDARD,NORTH_AMERICA,user_953@enterprise33.com,2024-06-27
954, Customer 00954 Inc ,SILVER,EMEA,user_954@enterprise34.com,2024-03-15
955,Customer 00955 Inc, GOLD,APAC,user_955@enterprise35.com,2024-07-12
956,Customer 00956 Inc,PLATINUM,LATAM,user_956@enterprise36.com,2024-06-11
957,Customer 00957 Inc,STANDARD,NORTH_AMERICA,user_957@enterprise37.com,2024-07-09
958, Customer 00958 Inc ,silver,EMEA,user_958@enterprise38.com,2024-06-18
959,Customer 00959 Inc,gold,APAC,user_959@enterprise39.com,2024-06-16
960,Customer 00960 Inc,Platinum,LATAM,user_960@enterprise0.com,2024-11-01
961,Customer 00961 Inc,standard,NORTH_AMERICA,user_961@enterprise1.com,2024-01-31
962,Customer 00962 Inc,Silver,EMEA,user_962@enterprise2.com,2024-08-27
963,Customer 00963 Inc, GOLD,APAC,user_963@enterprise3.com,2024-05-02
964,Customer 00964 Inc,platinum,LATAM,user_964@enterprise4.com,2024-02-17
965,Customer 00965 Inc,STANDARD,NORTH_AMERICA,user_965@enterprise5.com,2024-04-30
966,Customer 00966 Inc, SILVER,EMEA,user_966@enterprise6.com,2024-02-12
967,Customer 00967 Inc,GOLD,APAC,user_967@enterprise7.com,2024-05-05
968,Customer 00968 Inc, PLATINUM ,LATAM,user_968@enterprise8.com,2024-01-05
969,Customer 00969 Inc,STANDARD,NORTH_AMERICA,user_969@enterprise9.com,2024-07-08
970, Customer 00970 Inc ,SILVER,EMEA,user_970@enterprise10.com,2024-12-25
971,Customer 00971 Inc,gold,APAC,user_971@enterprise11.com,2024-02-19
972,Customer 00972 Inc, PLATINUM ,LATAM,user_972@enterprise12.com,2024-07-16
973,Customer 00973 Inc,standard,NORTH_AMERICA,user_973@enterprise13.com,2024-08-29
974,Customer 00974 Inc, SILVER,EMEA,user_974@enterprise14.com,2024-08-04
975,Customer 00975 Inc,Gold ,APAC,user_975@enterprise15.com,2024-05-08
976,Customer 00976 Inc,Platinum,LATAM,user_976@enterprise16.com,2024-07-05
977, Customer 00977 Inc ,Standard,NORTH_AMERICA,user_977@enterprise17.com,2024-01-22
978,Customer 00978 Inc, SILVER,EMEA,user_978@enterprise18.com,2024-10-29
979,Customer 00979 Inc, GOLD,APAC,user_979@enterprise19.com,2024-10-27
980,Customer 00980 Inc,platinum,LATAM,user_980@enterprise20.com,2024-02-06
981,Customer 00981 Inc,standard,NORTH_AMERICA,user_981@enterprise21.com,2024-03-21
982,Customer 00982 Inc,SILVER,EMEA,user_982@enterprise22.com,2024-11-25
983,Customer 00983 Inc,GOLD,APAC,user_983@enterprise23.com,2024-07-29
984,Customer 00984 Inc,platinum,LATAM,user_984@enterprise24.com,2024-12-18
985,Customer 00985 Inc,standard,NORTH_AMERICA,user_985@enterprise25.com,2024-09-02
986, Customer 00986 Inc ,silver,EMEA,user_986@enterprise26.com,2024-04-20
987,Customer 00987 Inc,gold,APAC,user_987@enterprise27.com,2024-11-05
988,Customer 00988 Inc,platinum,LATAM,user_988@enterprise28.com,2024-10-19
989,Customer 00989 Inc,standard,NORTH_AMERICA,user_989@enterprise29.com,2024-08-13
990,Customer 00990 Inc,SILVER,EMEA,user_990@enterprise30.com,2024-12-25
991,Customer 00991 Inc,GOLD,APAC,user_991@enterprise31.com,2024-01-07
992,Customer 00992 Inc,Platinum,LATAM,user_992@enterprise32.com,2024-09-23
993,Customer 00993 Inc,standard,NORTH_AMERICA,user_993@enterprise33.com,2024-12-14
994,Customer 00994 Inc,Silver,EMEA,user_994@enterprise34.com,2024-05-12
995,Customer 00995 Inc, GOLD,APAC,user_995@enterprise35.com,2024-10-03
996,Customer 00996 Inc,Platinum,LATAM,user_996@enterprise36.com,2024-11-13
997, Customer 00997 Inc ,standard,NORTH_AMERICA,user_997@enterprise37.com,2024-03-18
998,Customer 00998 Inc,silver,EMEA,user_998@enterprise38.com,2024-03-10
999,Customer 00999 Inc,Gold ,APAC,user_999@enterprise39.com,2024-12-20
1000,Customer 01000 Inc,Platinum,LATAM,user_1000@enterprise0.com,2024-06-26
606,Customer 00606 Inc,silver,EMEA,user_606@enterprise6.com,2024-08-14
246,Customer 00246 Inc,silver,EMEA,user_246@enterprise6.com,2024-06-19
614,Customer 00614 Inc,Silver,EMEA,user_614@enterprise14.com,2024-05-13
726,Customer 00726 Inc,Silver,EMEA,user_726@enterprise6.com,2024-07-11
794,Customer 00794 Inc, SILVER,EMEA,user_794@enterprise34.com,2024-11-25
919,Customer 00919 Inc,gold,APAC,user_919@enterprise39.com,2024-02-01
497, Customer 00497 Inc ,standard,NORTH_AMERICA,user_497@enterprise17.com,2024-07-08
380,Customer 00380 Inc,PLATINUM,LATAM,user_380@enterprise20.com,2024-07-08
759, Customer 00759 Inc ,GOLD,APAC,user_759@enterprise39.com,2024-11-19
234,Customer 00234 Inc, SILVER,EMEA,user_234@enterprise34.com,2024-05-12
670,Customer 00670 Inc,silver,EMEA,user_670@enterprise30.com,2024-12-16
294,Customer 00294 Inc,Silver,EMEA,user_294@enterprise14.com,2024-03-03
490, Customer 00490 Inc ,silver,EMEA,user_490@enterprise10.com,2024-11-07
716,Customer 00716 Inc,Platinum,LATAM,user_716@enterprise36.com,2024-09-28
326,Customer 00326 Inc,Silver,EMEA,user_326@enterprise6.com,2024-10-30
